Project,Team Name,TestID,URL,ScanID
P3:3266f8b7c09849e389d560c9419ebed8,e5e8435a523d43e6bbed40715c228cde-751ee4ae-658a-4189-9e11-732d244,"P3-IDENTITY-MGMT-TC-1,P3-IMAGE-HARDENING-TC-1",https://cloud-rcdn-1.cisco.com:5000/v3,333c6d12-38bb-11e9-87a8-665cff6159ae
CAE:c461928a-ce3c-11e8-9210-fa163e463fb4,cd-api,"CAE-IDENTITY-MGMT-TC-1,CAE-IMAGE-HARDENING-TC-1",https://cae-np-rtp.cisco.com,53ed935c-38ba-11e9-87a8-665cff6159ae
CAE:b682727b-6b55-11e8-9a42-fa163e5d318c,uut-prod-int-rtp,"CAE-IDENTITY-MGMT-TC-1,CAE-IMAGE-HARDENING-TC-1",https://cae-prd-rtp.cisco.com,456954fa-38bb-11e9-87a8-665cff6159ae
CAE:a19534fa-6b64-11e8-94a5-fa163eb08fb0,shrui-dev-int-rtp,"CAE-IDENTITY-MGMT-TC-1,CAE-IMAGE-HARDENING-TC-1",https://cae-np-rtp.cisco.com,80507734-38ce-11e9-8cae-428e79dfd1ba
CAE:c166b146-9506-11e8-b471-fa163e463fb4,ptercm-salp-int-rtp,"CAE-IDENTITY-MGMT-TC-1,CAE-IMAGE-HARDENING-TC-1",https://cae-np-rtp.cisco.com,b9547422-38d3-11e9-8cae-428e79dfd1ba
CAE:d29c87ae-9506-11e8-b471-fa163e463fb4,ptesyn-stst-int-rtp,"CAE-IDENTITY-MGMT-TC-1,CAE-IMAGE-HARDENING-TC-1",https://cae-np-rtp.cisco.com,5c0c5496-38bb-11e9-87a8-665cff6159ae
CAE:f68c017a-f900-11e8-90e2-fa163e4fa075,appmgm-prd-rcdn-ext,"CAE-IDENTITY-MGMT-TC-1,CAE-IMAGE-HARDENING-TC-1",https://cae-prd-rcdn.cisco.com,5752e898-38de-11e9-8cae-428e79dfd1ba
CAE:b561f651-71c9-11e8-ae80-fa163eb08fb0,testptesdc-devtest-ext-rtp,"CAE-IDENTITY-MGMT-TC-1,CAE-IMAGE-HARDENING-TC-1",https://cae-np-rtp.cisco.com,1ef7b796-38e1-11e9-8cae-428e79dfd1ba
CAE:6b1d6149-8eec-11e8-8862-fa163e463fb4,casperweb-stg-ext-rtp,"CAE-IDENTITY-MGMT-TC-1,CAE-IMAGE-HARDENING-TC-1",https://cae-np-rtp.cisco.com,5ff12650-38ba-11e9-87a8-665cff6159ae
P3:4f20298910ec4e7f9c893f521f676918,cca2c304398345e589c17f9dab8c92ac-25292a91-d077-4e50-a3c8-b3d22bf,"P3-IDENTITY-MGMT-TC-1,P3-IMAGE-HARDENING-TC-1",https://cloud-rtp-1.cisco.com:5000/v3,74d510ac-38e9-11e9-8cae-428e79dfd1ba
CAE:f42101b2-f8ff-11e8-9210-fa163e463fb4,appmgm-np-rtp-ext-stage,"CAE-IDENTITY-MGMT-TC-1,CAE-IMAGE-HARDENING-TC-1",https://cae-np-rtp.cisco.com,fc1b8630-38c7-11e9-87a8-665cff6159ae
CAE:93d993ed-9506-11e8-b471-fa163e463fb4,cheewa-alpd-int-rtp,"CAE-IDENTITY-MGMT-TC-1,CAE-IMAGE-HARDENING-TC-1",https://cae-np-rtp.cisco.com,0861757c-38d6-11e9-8cae-428e79dfd1ba
CAE:39cd9c70-6baa-11e8-ae80-fa163eb08fb0,slimcs1-lt-int-rtp,"CAE-IDENTITY-MGMT-TC-1,CAE-IMAGE-HARDENING-TC-1",https://cae-np-rtp.cisco.com,baf63de8-38c8-11e9-87a8-665cff6159ae
CAE:7d140e0a-90ae-11e8-911b-fa163e4fa075,cdbdev-prod-int-rcdn,"CAE-IDENTITY-MGMT-TC-1,CAE-IMAGE-HARDENING-TC-1",https://cae-prd-rcdn.cisco.com,5c173420-38ba-11e9-87a8-665cff6159ae
CAE:5cb42f99-9503-11e8-b471-fa163e463fb4,savmmeraki-dev-int-rtp,"CAE-IDENTITY-MGMT-TC-1,CAE-IMAGE-HARDENING-TC-1",https://cae-np-rtp.cisco.com,a724c004-38c4-11e9-87a8-665cff6159ae
CAE:56211d36-ee3d-11e8-9ed6-fa163eb43b51,rma,"CAE-IDENTITY-MGMT-TC-1,CAE-IMAGE-HARDENING-TC-1",https://cae-prd-rtp.cisco.com,4b80aabe-38bb-11e9-87a8-665cff6159ae
CAE:8c05db38-f8f8-11e8-be21-fa163ed61dec,appmgm-np-rcdn-ext-stage,"CAE-IDENTITY-MGMT-TC-1,CAE-IMAGE-HARDENING-TC-1",https://cae-np-rcdn.cisco.com,a7851d06-38d2-11e9-8cae-428e79dfd1ba
CAE:798cca68-71c9-11e8-8861-fa163e463fb4,slalphapteedc-alphadev-int-rtp,"CAE-IDENTITY-MGMT-TC-1,CAE-IMAGE-HARDENING-TC-1",https://cae-np-rtp.cisco.com,a1b9e5f0-38c3-11e9-87a8-665cff6159ae
CAE:642b1d5a-9503-11e8-bf24-fa163e8ddce3,savmmeraki-prod-int-alln,"CAE-IDENTITY-MGMT-TC-1,CAE-IMAGE-HARDENING-TC-1",https://cae-prd-alln.cisco.com,3e2375ea-38bb-11e9-87a8-665cff6159ae
CAE:b6321df3-9754-11e8-911b-fa163e4fa075,hrnewhire-kafka-prd-rcdn,"CAE-IDENTITY-MGMT-TC-1,CAE-IMAGE-HARDENING-TC-1",https://cae-prd-rcdn.cisco.com,39f1f8b4-38e0-11e9-8cae-428e79dfd1ba
CAE:428bdf3a-71c9-11e8-8861-fa163e463fb4,slalphacheapp-alphastg-int-rtp,"CAE-IDENTITY-MGMT-TC-1,CAE-IMAGE-HARDENING-TC-1",https://cae-np-rtp.cisco.com,67f3c064-38cf-11e9-8cae-428e79dfd1ba
CAE:d5242584-71c9-11e8-8861-fa163e463fb4,testgopher-stgtest-int-rtp,"CAE-IDENTITY-MGMT-TC-1,CAE-IMAGE-HARDENING-TC-1",https://cae-np-rtp.cisco.com,b6e312ca-38d3-11e9-8cae-428e79dfd1ba
P3:70d976d7fc304bde8f7f043195532ff0,e5e8435a523d43e6bbed40715c228cde-69a44dea-f969-42f4-ab1c-c163ccc,"P3-IDENTITY-MGMT-TC-1,P3-IMAGE-HARDENING-TC-1",https://cloud-rcdn-1.cisco.com:5000/v3,c8967684-38d2-11e9-8cae-428e79dfd1ba
CAE:3a7419c0-71c9-11e8-8861-fa163e463fb4,testptesdc-stgtest-ext-rtp,"CAE-IDENTITY-MGMT-TC-1,CAE-IMAGE-HARDENING-TC-1",https://cae-np-rtp.cisco.com,23ae7f04-38e1-11e9-8cae-428e79dfd1ba
CAE:33700a9c-9c10-11e8-aff3-fa163e463fb4,oplservices-rtp-lt,"CAE-IDENTITY-MGMT-TC-1,CAE-IMAGE-HARDENING-TC-1",https://cae-np-rtp.cisco.com,6bd48fd8-38bb-11e9-87a8-665cff6159ae
CAE:2c5f0710-7357-11e8-ae80-fa163eb08fb0,mwtest2,"CAE-IDENTITY-MGMT-TC-1,CAE-IMAGE-HARDENING-TC-1",https://cae-np-rtp.cisco.com,400948b0-38e5-11e9-8cae-428e79dfd1ba
P3:661a546e2a1a4ba29eda8a9342dea56a,1be9223c4ad4485a9255fddd2487e4a4-58f0f3c4-973a-45ab-8112-7599d4e,"P3-IDENTITY-MGMT-TC-1,P3-IMAGE-HARDENING-TC-1",https://cloud-rtp-1.cisco.com:5000/v3,98c237bc-38dd-11e9-8cae-428e79dfd1ba
P3:20a93ec18b5a4a8f89436aae20403093,1be9223c4ad4485a9255fddd2487e4a4-4f91f056-5b95-4763-a682-991da50,"P3-IDENTITY-MGMT-TC-1,P3-IMAGE-HARDENING-TC-1",https://cloud-rtp-1.cisco.com:5000/v3,2a80655c-38bb-11e9-87a8-665cff6159ae
CAE:4ae519c2-71c9-11e8-8861-fa163e463fb4,slalphagopher-alphastg-int-rtp,"CAE-IDENTITY-MGMT-TC-1,CAE-IMAGE-HARDENING-TC-1",https://cae-np-rtp.cisco.com,37848b82-38d1-11e9-8cae-428e79dfd1ba
CAE:156cb273-6b7a-11e8-b98f-fa163eb08fb0,ast-dev-int-rtp,"CAE-IDENTITY-MGMT-TC-1,CAE-IMAGE-HARDENING-TC-1",https://cae-np-rtp.cisco.com,a0216218-38c8-11e9-87a8-665cff6159ae
CAE:5827870b-917f-11e8-b471-fa163e463fb4,gsmbaao-stg-ext-rtp,"CAE-IDENTITY-MGMT-TC-1,CAE-IMAGE-HARDENING-TC-1",https://cae-np-rtp.cisco.com,3f9b1076-38c1-11e9-87a8-665cff6159ae
CAE:6bd54b38-766c-11e8-8861-fa163e463fb4,movsvc-lt-ext-rtp,"CAE-IDENTITY-MGMT-TC-1,CAE-IMAGE-HARDENING-TC-1",https://cae-np-rtp.cisco.com,ce5eefc4-38eb-11e9-8cae-428e79dfd1ba
CAE:7b8eef18-9506-11e8-b471-fa163e463fb4,ptepwa-dtst-int-rtp,"CAE-IDENTITY-MGMT-TC-1,CAE-IMAGE-HARDENING-TC-1",https://cae-np-rtp.cisco.com,63c3aa68-38bb-11e9-87a8-665cff6159ae
P3:745aa5d7cea649b4a491c8b9a071fb72,e5e8435a523d43e6bbed40715c228cde-420bd989-b3e8-435b-b7df-f058e55,"P3-IDENTITY-MGMT-TC-1,P3-IMAGE-HARDENING-TC-1",https://cloud-rcdn-1.cisco.com:5000/v3,4692c568-38da-11e9-8cae-428e79dfd1ba
CAE:287c9902-bcf8-11e8-9d5d-fa163e463fb4,sbpservices-st1,"CAE-IDENTITY-MGMT-TC-1,CAE-IMAGE-HARDENING-TC-1",https://cae-np-rtp.cisco.com,0a93f4f0-38c7-11e9-87a8-665cff6159ae
CAE:67e0aa37-9507-11e8-b471-fa163e463fb4,checwa-salp-ext-rtp,"CAE-IDENTITY-MGMT-TC-1,CAE-IMAGE-HARDENING-TC-1",https://cae-np-rtp.cisco.com,70bffadc-38e3-11e9-8cae-428e79dfd1ba
CAE:9268fe68-e987-11e8-b96a-fa163e3e558c,appmgm-np-alln-stage,"CAE-IDENTITY-MGMT-TC-1,CAE-IMAGE-HARDENING-TC-1",https://cae-np-alln.cisco.com,07401d8c-38cd-11e9-87a8-665cff6159ae
CAE:b31782b8-bb96-11e8-927d-fa163e8112c6,sbpsfl-prod,"CAE-IDENTITY-MGMT-TC-1,CAE-IMAGE-HARDENING-TC-1",https://cae-prd-rcdn.cisco.com,6ef396d2-38bb-11e9-87a8-665cff6159ae
CAE:4ac215d2-8f87-11e8-8862-fa163e463fb4,atacan-dev-ext-rtp,"CAE-IDENTITY-MGMT-TC-1,CAE-IMAGE-HARDENING-TC-1",https://cae-np-rtp.cisco.com,b40068c4-38c8-11e9-87a8-665cff6159ae
CAE:3788165a-2e2c-11e9-84e3-fa163e3e558c,mcmp-stga-alln,"CAE-IDENTITY-MGMT-TC-1,CAE-IMAGE-HARDENING-TC-1",https://cae-np-alln.cisco.com,62b9187e-38d9-11e9-8cae-428e79dfd1ba
CAE:730720b4-0485-11e9-84c5-fa163eb08fb0,cdc-template-dev,"CAE-IDENTITY-MGMT-TC-1,CAE-IMAGE-HARDENING-TC-1",https://cae-np-rtp.cisco.com,363957be-38c5-11e9-87a8-665cff6159ae
CAE:87f8e6fc-fcac-11e8-9ed6-fa163eb43b51,p2p-prod-ext-rtp,"CAE-IDENTITY-MGMT-TC-1,CAE-IMAGE-HARDENING-TC-1",https://cae-prd-rtp.cisco.com,60b2f60c-38df-11e9-8cae-428e79dfd1ba
CAE:cae60ea8-2c0a-11e9-aaf8-fa163e8ddce3,mysso-api,"CAE-IDENTITY-MGMT-TC-1,CAE-IMAGE-HARDENING-TC-1",https://cae-prd-alln.cisco.com,fe2c1298-38bb-11e9-87a8-665cff6159ae
CAE:5eac06fe-682b-11e8-bacc-fa163eb08fb0,cae-pbh-int-auth,"CAE-IDENTITY-MGMT-TC-1,CAE-IMAGE-HARDENING-TC-1",https://cae-np-rtp.cisco.com,5f526e5a-38e9-11e9-8cae-428e79dfd1ba
CAE:e062d7e3-9506-11e8-b471-fa163e463fb4,ptenot-dtst-int-rtp,"CAE-IDENTITY-MGMT-TC-1,CAE-IMAGE-HARDENING-TC-1",https://cae-np-rtp.cisco.com,9593ba2a-38d3-11e9-8cae-428e79dfd1ba
CAE:85dd17af-9507-11e8-b471-fa163e463fb4,checwa-stst-ext-rtp,"CAE-IDENTITY-MGMT-TC-1,CAE-IMAGE-HARDENING-TC-1",https://cae-np-rtp.cisco.com,36a1f3b8-38d5-11e9-8cae-428e79dfd1ba
CAE:70e0a7e8-71c9-11e8-ae80-fa163eb08fb0,slalppteedcpd-alphaprd-int-rtp,"CAE-IDENTITY-MGMT-TC-1,CAE-IMAGE-HARDENING-TC-1",https://cae-np-rtp.cisco.com,13307f2e-38e6-11e9-8cae-428e79dfd1ba
CAE:9ef59d76-71c9-11e8-8861-fa163e463fb4,slalphaptesdc-alphastg-ext-rtp,"CAE-IDENTITY-MGMT-TC-1,CAE-IMAGE-HARDENING-TC-1",https://cae-np-rtp.cisco.com,4bb49566-38e0-11e9-8cae-428e79dfd1ba
CAE:174826ef-b6ef-11e8-be80-fa163e6c748f,testbg-prod-int-alln,"CAE-IDENTITY-MGMT-TC-1,CAE-IMAGE-HARDENING-TC-1",https://cae-prd-alln.cisco.com,c1ffd8a6-38be-11e9-87a8-665cff6159ae
CAE:495229e2-ab18-11e8-9e98-fa163eb43b51,cus-success-pblu-ext-rcdn,"CAE-IDENTITY-MGMT-TC-1,CAE-IMAGE-HARDENING-TC-1",https://cae-prd-rtp.cisco.com,2ecfeae6-38d5-11e9-8cae-428e79dfd1ba
CAE:51f49db5-71c9-11e8-8861-fa163e463fb4,slalphapteodc-alphastg-ext-rtp,"CAE-IDENTITY-MGMT-TC-1,CAE-IMAGE-HARDENING-TC-1",https://cae-np-rtp.cisco.com,6429f7a0-38bb-11e9-87a8-665cff6159ae
CAE:6bec60c9-6b91-11e8-ae80-fa163eb08fb0,lpssimulatorui-dev-int-rtp,"CAE-IDENTITY-MGMT-TC-1,CAE-IMAGE-HARDENING-TC-1",https://cae-np-rtp.cisco.com,fc862fee-38c7-11e9-87a8-665cff6159ae
CAE:94f722fb-8f8b-11e8-911b-fa163e4fa075,mobilityappsmvdc-prod-int-rcdn,"CAE-IDENTITY-MGMT-TC-1,CAE-IMAGE-HARDENING-TC-1",https://cae-prd-rcdn.cisco.com,17876e8a-38bd-11e9-87a8-665cff6159ae
CAE:e2fb3d31-95b8-11e8-bb98-fa163eb43b51,qorept-stg-ext-rtp,"CAE-IDENTITY-MGMT-TC-1,CAE-IMAGE-HARDENING-TC-1",https://cae-prd-rtp.cisco.com,9dc9cd34-38cd-11e9-87a8-665cff6159ae
CAE:be754877-71c9-11e8-ae80-fa163eb08fb0,testpteedc-stgtest-int-rtp,"CAE-IDENTITY-MGMT-TC-1,CAE-IMAGE-HARDENING-TC-1",https://cae-np-rtp.cisco.com,632e7556-38cf-11e9-8cae-428e79dfd1ba
CAE:8114236f-70be-11e8-8861-fa163e463fb4,helloworldp3,"CAE-IDENTITY-MGMT-TC-1,CAE-IMAGE-HARDENING-TC-1",https://cae-np-rtp.cisco.com,8020768c-38c5-11e9-87a8-665cff6159ae
CAE:73289d85-6c3e-11e8-ae80-fa163eb08fb0,ys3repl-stg-ext-rtp,"CAE-IDENTITY-MGMT-TC-1,CAE-IMAGE-HARDENING-TC-1",https://cae-np-rtp.cisco.com,c1d5adf6-38e1-11e9-8cae-428e79dfd1ba
CAE:b2bbb0f6-9f52-11e8-8176-fa163e463fb4,scorchevnt-dev-int-rtp,"CAE-IDENTITY-MGMT-TC-1,CAE-IMAGE-HARDENING-TC-1",https://cae-np-rtp.cisco.com,cdf5cee6-38d1-11e9-8cae-428e79dfd1ba
CAE:83854532-9506-11e8-b471-fa163e463fb4,cheewa-dtst-int-rtp,"CAE-IDENTITY-MGMT-TC-1,CAE-IMAGE-HARDENING-TC-1",https://cae-np-rtp.cisco.com,47bdbf84-38c0-11e9-87a8-665cff6159ae
CAE:0488f4f4-7efc-11e8-bf24-fa163e8ddce3,b2cmagentoback-prod-int-alln,"CAE-IDENTITY-MGMT-TC-1,CAE-IMAGE-HARDENING-TC-1",https://cae-prd-alln.cisco.com,1ae00f56-38c2-11e9-87a8-665cff6159ae
CAE:86703ea3-9305-11e8-bb98-fa163eb43b51,yp0021-prod-int-rtp,"CAE-IDENTITY-MGMT-TC-1,CAE-IMAGE-HARDENING-TC-1",https://cae-prd-rtp.cisco.com,fce08440-38d5-11e9-8cae-428e79dfd1ba
P3:3c2f8888b1854fd4a18c09a4345497a6,e5e8435a523d43e6bbed40715c228cde-c3beb587-350c-4e7f-a010-9bd8be6,"P3-IDENTITY-MGMT-TC-1,P3-IMAGE-HARDENING-TC-1",https://cloud-rcdn-1.cisco.com:5000/v3,17546ab6-38dc-11e9-8cae-428e79dfd1ba
CAE:f5eb6fc2-7671-11e8-bb98-fa163eb43b51,bnpi-prod-int-rtp,"CAE-IDENTITY-MGMT-TC-1,CAE-IMAGE-HARDENING-TC-1",https://cae-prd-rtp.cisco.com,dd952f12-38cd-11e9-8cae-428e79dfd1ba
CAE:f842c6eb-9506-11e8-b471-fa163e463fb4,ptenot-salp-int-rtp,"CAE-IDENTITY-MGMT-TC-1,CAE-IMAGE-HARDENING-TC-1",https://cae-np-rtp.cisco.com,f207e49e-38e1-11e9-8cae-428e79dfd1ba
CAE:2651b9df-95b9-11e8-bb98-fa163eb43b51,slalphapteodc-alphastg-ext-rtp,"CAE-IDENTITY-MGMT-TC-1,CAE-IMAGE-HARDENING-TC-1",https://cae-prd-rtp.cisco.com,02be0248-38d6-11e9-8cae-428e79dfd1ba
CAE:3ad90c36-8f8a-11e8-911b-fa163e4fa075,egenie-prod-int-rcdn,"CAE-IDENTITY-MGMT-TC-1,CAE-IMAGE-HARDENING-TC-1",https://cae-prd-rcdn.cisco.com,e0618792-38c1-11e9-87a8-665cff6159ae
CAE:dcc9e9d8-71c9-11e8-8861-fa163e463fb4,slalppteodcpd-alphaprd-ext-rtp,"CAE-IDENTITY-MGMT-TC-1,CAE-IMAGE-HARDENING-TC-1",https://cae-np-rtp.cisco.com,e46a11f4-38e6-11e9-8cae-428e79dfd1ba
CAE:fabb9549-71c9-11e8-ae80-fa163eb08fb0,slalphagopher-alphadev-int-rtp,"CAE-IDENTITY-MGMT-TC-1,CAE-IMAGE-HARDENING-TC-1",https://cae-np-rtp.cisco.com,976b33f0-38bf-11e9-87a8-665cff6159ae
CAE:1169bdb8-71ca-11e8-8861-fa163e463fb4,slalpptesdcpd-alphaprd-ext-rtp,"CAE-IDENTITY-MGMT-TC-1,CAE-IMAGE-HARDENING-TC-1",https://cae-np-rtp.cisco.com,ecfc6c00-38bd-11e9-87a8-665cff6159ae
CAE:51727897-9630-11e8-911b-fa163e4fa075,hraspire-prod-int-rcdn,"CAE-IDENTITY-MGMT-TC-1,CAE-IMAGE-HARDENING-TC-1",https://cae-prd-rcdn.cisco.com,a58bf520-38bd-11e9-87a8-665cff6159ae
CAE:c41087c3-9bc1-11e8-aff3-fa163e463fb4,contracts-stg,"CAE-IDENTITY-MGMT-TC-1,CAE-IMAGE-HARDENING-TC-1",https://cae-np-rtp.cisco.com,3c2b7ff6-38d6-11e9-8cae-428e79dfd1ba
CAE:5bb486d7-78c4-11e8-ae80-fa163eb08fb0,slalpgopherpd-alphaprd-int-rtp,"CAE-IDENTITY-MGMT-TC-1,CAE-IMAGE-HARDENING-TC-1",https://cae-np-rtp.cisco.com,c70c386c-38d7-11e9-8cae-428e79dfd1ba
CAE:c9df0919-9506-11e8-b471-fa163e463fb4,ptesyn-dtst-int-rtp,"CAE-IDENTITY-MGMT-TC-1,CAE-IMAGE-HARDENING-TC-1",https://cae-np-rtp.cisco.com,be6249f4-38e6-11e9-8cae-428e79dfd1ba
CAE:68d3dbc9-ab18-11e8-b0c2-fa163e4fa075,cus-success-pblu-ext-rtp,"CAE-IDENTITY-MGMT-TC-1,CAE-IMAGE-HARDENING-TC-1",https://cae-prd-rcdn.cisco.com,7f9828fe-38de-11e9-8cae-428e79dfd1ba
CAE:74bb7c46-6b92-11e8-ae80-fa163eb08fb0,dcpwebp-stg-ext-rtp,"CAE-IDENTITY-MGMT-TC-1,CAE-IMAGE-HARDENING-TC-1",https://cae-np-rtp.cisco.com,1a4a1c26-38cc-11e9-87a8-665cff6159ae
CAE:ba2a99c3-9506-11e8-b471-fa163e463fb4,ptercm-stst-int-rtp,"CAE-IDENTITY-MGMT-TC-1,CAE-IMAGE-HARDENING-TC-1",https://cae-np-rtp.cisco.com,4d766232-38c5-11e9-87a8-665cff6159ae
CAE:db4ed73c-589a-11e8-aa39-fa163eb08fb0,appmgmprod-stg-int-rtp,"CAE-IDENTITY-MGMT-TC-1,CAE-IMAGE-HARDENING-TC-1",https://cae-np-rtp.cisco.com,31b0f452-38d1-11e9-8cae-428e79dfd1ba
P3:d2832a75df2c43f09d90fc3b1c3f6947,e5e8435a523d43e6bbed40715c228cde-9bfbfe2a-e913-430a-aeae-5eb5335,"P3-IDENTITY-MGMT-TC-1,P3-IMAGE-HARDENING-TC-1",https://cloud-rcdn-1.cisco.com:5000/v3,78e64776-38c4-11e9-87a8-665cff6159ae
CAE:1cc3d029-71b7-11e8-8861-fa163e463fb4,pdricw-cstg-ext-rtp,"CAE-IDENTITY-MGMT-TC-1,CAE-IMAGE-HARDENING-TC-1",https://cae-np-rtp.cisco.com,4e524f8a-38d5-11e9-8cae-428e79dfd1ba
P3:8942e0f6ec5a4cd796497929e9d8b574,1be9223c4ad4485a9255fddd2487e4a4-fca2a0b4-55de-4512-822d-15ca5b4,"P3-IDENTITY-MGMT-TC-1,P3-IMAGE-HARDENING-TC-1",https://cloud-rtp-1.cisco.com:5000/v3,53a7ec88-38da-11e9-8cae-428e79dfd1ba
CAE:686a0a38-9505-11e8-b471-fa163e463fb4,ptesyn-salp-int-rtp,"CAE-IDENTITY-MGMT-TC-1,CAE-IMAGE-HARDENING-TC-1",https://cae-np-rtp.cisco.com,36b2e53c-38e5-11e9-8cae-428e79dfd1ba
CAE:f4891f55-c8f0-11e8-8d4e-fa163eb08fb0,ctbx-stage-cae,"CAE-IDENTITY-MGMT-TC-1,CAE-IMAGE-HARDENING-TC-1",https://cae-np-rtp.cisco.com,6e2a61ea-38de-11e9-8cae-428e79dfd1ba
CAE:c99514db-7259-11e8-ae80-fa163eb08fb0,mbrngmobile-stg-ext-rtp,"CAE-IDENTITY-MGMT-TC-1,CAE-IMAGE-HARDENING-TC-1",https://cae-np-rtp.cisco.com,21090294-38bc-11e9-87a8-665cff6159ae
CAE:15b16303-9506-11e8-b471-fa163e463fb4,ptepwa-alpd-int-rtp,"CAE-IDENTITY-MGMT-TC-1,CAE-IMAGE-HARDENING-TC-1",https://cae-np-rtp.cisco.com,22675b80-38d6-11e9-8cae-428e79dfd1ba
P3:5f1b40bdbf3c4f2a98cd21fb20394663,e5e8435a523d43e6bbed40715c228cde-2c78b420-0c9c-400b-9a41-d31b8aa,"P3-IDENTITY-MGMT-TC-1,P3-IMAGE-HARDENING-TC-1",https://cloud-rcdn-1.cisco.com:5000/v3,f8a3bee6-38c7-11e9-87a8-665cff6159ae
P3:c74a703a153144f39052f0522ab542b9,e5e8435a523d43e6bbed40715c228cde-bb7268ec-4a4b-456d-a4e1-dbbcffd,"P3-IDENTITY-MGMT-TC-1,P3-IMAGE-HARDENING-TC-1",https://cloud-rcdn-1.cisco.com:5000/v3,17ee0d1c-38c1-11e9-87a8-665cff6159ae
CAE:55508ad8-6bb6-11e8-ae80-fa163eb08fb0,rekey-dev-ext-rtp,"CAE-IDENTITY-MGMT-TC-1,CAE-IMAGE-HARDENING-TC-1",https://cae-np-rtp.cisco.com,032f194c-38db-11e9-8cae-428e79dfd1ba
CAE:d0ff0937-f900-11e8-9b18-fa163e5d318c,appmgm-prd-rtp-ext,"CAE-IDENTITY-MGMT-TC-1,CAE-IMAGE-HARDENING-TC-1",https://cae-prd-rtp.cisco.com,175bd05e-38c2-11e9-87a8-665cff6159ae
CAE:90748aaa-766d-11e8-bb98-fa163eb43b51,viewst-prod-ext-rtp,"CAE-IDENTITY-MGMT-TC-1,CAE-IMAGE-HARDENING-TC-1",https://cae-prd-rtp.cisco.com,cb0f591c-38be-11e9-87a8-665cff6159ae
CAE:a328fde7-9506-11e8-b471-fa163e463fb4,ptepwa-stst-int-rtp,"CAE-IDENTITY-MGMT-TC-1,CAE-IMAGE-HARDENING-TC-1",https://cae-np-rtp.cisco.com,9e4b35f4-38d2-11e9-8cae-428e79dfd1ba
CAE:8e366c14-8084-11e8-ae80-fa163eb08fb0,spinnaker-np-dev,"CAE-IDENTITY-MGMT-TC-1,CAE-IMAGE-HARDENING-TC-1",https://cae-np-rtp.cisco.com,95ae942a-38de-11e9-8cae-428e79dfd1ba
CAE:84e9c201-6bb2-11e8-b98d-fa163e8112c6,aaaauc-prd2-int-rcdn,"CAE-IDENTITY-MGMT-TC-1,CAE-IMAGE-HARDENING-TC-1",https://cae-prd-rcdn.cisco.com,ed6be562-38cc-11e9-87a8-665cff6159ae
CAE:cc05fb8e-9ce6-11e8-aff3-fa163e463fb4,ys3spd-dev-int-rtp,"CAE-IDENTITY-MGMT-TC-1,CAE-IMAGE-HARDENING-TC-1",https://cae-np-rtp.cisco.com,45eb85f0-38c6-11e9-87a8-665cff6159ae
CAE:2d0b86e6-95b3-11e8-bb98-fa163eb43b51,icntr-prod-int-rtp,"CAE-IDENTITY-MGMT-TC-1,CAE-IMAGE-HARDENING-TC-1",https://cae-prd-rtp.cisco.com,b5bcdd42-38c7-11e9-87a8-665cff6159ae
CAE:08d3e0e4-71ca-11e8-ae80-fa163eb08fb0,slalphaptesdc-alphadev-ext-rtp,"CAE-IDENTITY-MGMT-TC-1,CAE-IMAGE-HARDENING-TC-1",https://cae-np-rtp.cisco.com,b5421444-38d7-11e9-8cae-428e79dfd1ba
CAE:60b6a873-8489-11e8-8862-fa163e463fb4,swccmi-lt-ext-rtp,"CAE-IDENTITY-MGMT-TC-1,CAE-IMAGE-HARDENING-TC-1",https://cae-np-rtp.cisco.com,fdb32bc8-38e6-11e9-8cae-428e79dfd1ba
CAE:0894f6e3-8c81-11e8-bb98-fa163eb43b51,laeconsole-prod-int-rtp,"CAE-IDENTITY-MGMT-TC-1,CAE-IMAGE-HARDENING-TC-1",https://cae-prd-rtp.cisco.com,4b4c8aa8-38df-11e9-8cae-428e79dfd1ba
CAE:af7b82d5-71c9-11e8-ae80-fa163eb08fb0,testcheapp-devtest-int-rtp,"CAE-IDENTITY-MGMT-TC-1,CAE-IMAGE-HARDENING-TC-1",https://cae-np-rtp.cisco.com,6cff2512-38de-11e9-8cae-428e79dfd1ba
CAE:9ab830fb-9506-11e8-b471-fa163e463fb4,cheewa-alps-int-rtp,"CAE-IDENTITY-MGMT-TC-1,CAE-IMAGE-HARDENING-TC-1",https://cae-np-rtp.cisco.com,f30069a2-38eb-11e9-8cae-428e79dfd1ba
CAE:07548a95-922a-11e8-911b-fa163e4fa075,screbate-prod-int-rcdn,"CAE-IDENTITY-MGMT-TC-1,CAE-IMAGE-HARDENING-TC-1",https://cae-prd-rcdn.cisco.com,f63644fe-38bc-11e9-87a8-665cff6159ae
CAE:2b689093-8f8a-11e8-8862-fa163e463fb4,egenie-stg-int-rtp,"CAE-IDENTITY-MGMT-TC-1,CAE-IMAGE-HARDENING-TC-1",https://cae-np-rtp.cisco.com,85d7c108-38c9-11e9-87a8-665cff6159ae
CAE:e48be9da-83c5-11e8-8861-fa163e463fb4,cus-success-stg-ext-rtp,"CAE-IDENTITY-MGMT-TC-1,CAE-IMAGE-HARDENING-TC-1",https://cae-np-rtp.cisco.com,c2657796-38dd-11e9-8cae-428e79dfd1ba
P3:2cf02b0a8fde4816ba3c4389011806f8,e5e8435a523d43e6bbed40715c228cde-01789f2b-bcab-4236-a4a4-6e9ea75,"P3-IDENTITY-MGMT-TC-1,P3-IMAGE-HARDENING-TC-1",https://cloud-rcdn-1.cisco.com:5000/v3,79551a10-38d9-11e9-8cae-428e79dfd1ba
CAE:09238b93-c30e-11e8-9ed6-fa163eb43b51,casemaker-training,"CAE-IDENTITY-MGMT-TC-1,CAE-IMAGE-HARDENING-TC-1",https://cae-prd-rtp.cisco.com,f3ccb1c6-38c1-11e9-87a8-665cff6159ae
CAE:685a01ae-ac2a-11e8-9d5d-fa163e463fb4,clfpui-dev4-int-rtp,"CAE-IDENTITY-MGMT-TC-1,CAE-IMAGE-HARDENING-TC-1",https://cae-np-rtp.cisco.com,c9cc498e-38c3-11e9-87a8-665cff6159ae
CAE:f3ae0477-95b8-11e8-bb98-fa163eb43b51,pdricw-stg-ext-rtp,"CAE-IDENTITY-MGMT-TC-1,CAE-IMAGE-HARDENING-TC-1",https://cae-prd-rtp.cisco.com,2dd15998-38eb-11e9-8cae-428e79dfd1ba
CAE:44390639-57c1-11e8-aa39-fa163eb08fb0,pb-cae-rtp-pt3-test,"CAE-IDENTITY-MGMT-TC-1,CAE-IMAGE-HARDENING-TC-1",https://cae-np-rtp.cisco.com,0a989fcc-38e1-11e9-8cae-428e79dfd1ba
CAE:7a686d3b-6b8f-11e8-bfd7-fa163e5d318c,ssbrkiosk-prod-int-rtp,"CAE-IDENTITY-MGMT-TC-1,CAE-IMAGE-HARDENING-TC-1",https://cae-prd-rtp.cisco.com,948bbccc-38bf-11e9-87a8-665cff6159ae
P3:1844b400795d40b98b415021c57c469d,e5e8435a523d43e6bbed40715c228cde-dd6dbbfa-b5b5-48f4-ac09-fe55398,"P3-IDENTITY-MGMT-TC-1,P3-IMAGE-HARDENING-TC-1",https://cloud-rcdn-1.cisco.com:5000/v3,c4c4f818-38dd-11e9-8cae-428e79dfd1ba
CAE:5cfd4986-e989-11e8-9ed6-fa163eb43b51,appmgm-prd-rtp,"CAE-IDENTITY-MGMT-TC-1,CAE-IMAGE-HARDENING-TC-1",https://cae-prd-rtp.cisco.com,d633b93c-38c8-11e9-87a8-665cff6159ae
CAE:917d691f-bd4e-11e8-aea1-fa163eb43b51,pdp-prd-rtp,"CAE-IDENTITY-MGMT-TC-1,CAE-IMAGE-HARDENING-TC-1",https://cae-prd-rtp.cisco.com,ca735120-38c8-11e9-87a8-665cff6159ae
CAE:5525954c-9503-11e8-bb98-fa163eb43b51,savmmeraki-prod-int-rtp,"CAE-IDENTITY-MGMT-TC-1,CAE-IMAGE-HARDENING-TC-1",https://cae-prd-rtp.cisco.com,84240adc-38ca-11e9-87a8-665cff6159ae
P3:a583616a02604e6c99bcccb2447f1023,e5e8435a523d43e6bbed40715c228cde-0742ff89-b3f6-4130-92a2-3092684,"P3-IDENTITY-MGMT-TC-1,P3-IMAGE-HARDENING-TC-1",https://cloud-rcdn-1.cisco.com:5000/v3,01978068-38ec-11e9-8cae-428e79dfd1ba
CAE:aa6bbfa8-8ef6-11e8-8862-fa163e463fb4,ibrecon-lt-int-rtp,"CAE-IDENTITY-MGMT-TC-1,CAE-IMAGE-HARDENING-TC-1",https://cae-np-rtp.cisco.com,4be869d2-38c1-11e9-87a8-665cff6159ae
CAE:d9d4e217-9f65-11e8-b504-fa163e8ddce3,laecert-prod-int-alln,"CAE-IDENTITY-MGMT-TC-1,CAE-IMAGE-HARDENING-TC-1",https://cae-prd-alln.cisco.com,65dbd4a6-38d9-11e9-8cae-428e79dfd1ba
CAE:5047e7f9-9507-11e8-b471-fa163e463fb4,checwa-dtst-ext-rtp,"CAE-IDENTITY-MGMT-TC-1,CAE-IMAGE-HARDENING-TC-1",https://cae-np-rtp.cisco.com,ec36b3f6-38cd-11e9-8cae-428e79dfd1ba
CAE:c36405e8-8e56-11e8-89eb-fa163ed61dec,aciappcenter-dev1-external,"CAE-IDENTITY-MGMT-TC-1,CAE-IMAGE-HARDENING-TC-1",https://cae-np-rcdn.cisco.com,0cba4220-38e0-11e9-8cae-428e79dfd1ba
CAE:09528c19-6b92-11e8-ae80-fa163eb08fb0,lpssimulatorui-lt-int-rtp,"CAE-IDENTITY-MGMT-TC-1,CAE-IMAGE-HARDENING-TC-1",https://cae-np-rtp.cisco.com,69b1ebf6-38c0-11e9-87a8-665cff6159ae
P3:288c2a159aa24e3690cf40750de5f7e5,e5e8435a523d43e6bbed40715c228cde-d114b3ad-761f-4af9-8089-5b86da0,"P3-IDENTITY-MGMT-TC-1,P3-IMAGE-HARDENING-TC-1",https://cloud-rcdn-1.cisco.com:5000/v3,ad9bec1a-38dc-11e9-8cae-428e79dfd1ba
CAE:274ae85a-7985-11e8-8861-fa163e463fb4,asfukwebhosting-dev-int-rtp,"CAE-IDENTITY-MGMT-TC-1,CAE-IMAGE-HARDENING-TC-1",https://cae-np-rtp.cisco.com,057fedf2-38cc-11e9-87a8-665cff6159ae
P3:4a6dfede46ca4b0794e27fb6a9b9a8e8,ce22f840a48e4c6f8ef31e1355168da3-e170fe3f-567e-403e-839d-efaa537,"P3-IDENTITY-MGMT-TC-1,P3-IMAGE-HARDENING-TC-1",https://cloud-alln-1.cisco.com:5000/v3,bd9693ae-38c3-11e9-87a8-665cff6159ae
P3:793a2bdc4c5d49c798b938918bb565d7,e5e8435a523d43e6bbed40715c228cde-6f86e262-8e79-4cca-ac63-f57123e,"P3-IDENTITY-MGMT-TC-1,P3-IMAGE-HARDENING-TC-1",https://cloud-rcdn-1.cisco.com:5000/v3,e2cc070e-38d1-11e9-8cae-428e79dfd1ba
CAE:4a8848e9-8f8e-11e8-8862-fa163e463fb4,scvp-stg-int-rtp,"CAE-IDENTITY-MGMT-TC-1,CAE-IMAGE-HARDENING-TC-1",https://cae-np-rtp.cisco.com,5e642fde-38c0-11e9-87a8-665cff6159ae
CAE:a6826426-7672-11e8-a320-fa163e6c748f,bnpi-poe-int-alln,"CAE-IDENTITY-MGMT-TC-1,CAE-IMAGE-HARDENING-TC-1",https://cae-prd-alln.cisco.com,e55466d8-38c2-11e9-87a8-665cff6159ae
CAE:ee8e6e03-766c-11e8-8861-fa163e463fb4,pdfui-cstg-int-rtp,"CAE-IDENTITY-MGMT-TC-1,CAE-IMAGE-HARDENING-TC-1",https://cae-np-rtp.cisco.com,c96d4718-38e1-11e9-8cae-428e79dfd1ba
CAE:3741591c-b6ef-11e8-927d-fa163e8112c6,testbg-prod-int-rcdn,"CAE-IDENTITY-MGMT-TC-1,CAE-IMAGE-HARDENING-TC-1",https://cae-prd-rcdn.cisco.com,10348f40-38eb-11e9-8cae-428e79dfd1ba
CAE:9cfd4e5b-7668-11e8-bf24-fa163e8ddce3,cs1bws-poe-int-alln,"CAE-IDENTITY-MGMT-TC-1,CAE-IMAGE-HARDENING-TC-1",https://cae-prd-alln.cisco.com,d6a83254-38c7-11e9-87a8-665cff6159ae
CAE:bd46af33-bb96-11e8-aea1-fa163eb43b51,sbpsfl-prod,"CAE-IDENTITY-MGMT-TC-1,CAE-IMAGE-HARDENING-TC-1",https://cae-prd-rtp.cisco.com,f13827ae-38e1-11e9-8cae-428e79dfd1ba
CAE:c3038c82-6466-11e8-b696-fa163e8112c6,appmgmprod-prod-int-rcdn,"CAE-IDENTITY-MGMT-TC-1,CAE-IMAGE-HARDENING-TC-1",https://cae-prd-rcdn.cisco.com,cce49e74-38c2-11e9-87a8-665cff6159ae
CAE:7ffe3a28-71c9-11e8-8861-fa163e463fb4,testcheapp-stgtest-int-rtp,"CAE-IDENTITY-MGMT-TC-1,CAE-IMAGE-HARDENING-TC-1",https://cae-np-rtp.cisco.com,6a5e1282-38ca-11e9-87a8-665cff6159ae
CAE:b4842b73-9506-11e8-b471-fa163e463fb4,ptercm-dtst-int-rtp,"CAE-IDENTITY-MGMT-TC-1,CAE-IMAGE-HARDENING-TC-1",https://cae-np-rtp.cisco.com,24cbd334-38da-11e9-8cae-428e79dfd1ba
CAE:e83ea11d-9506-11e8-b471-fa163e463fb4,ptenot-stst-int-rtp,"CAE-IDENTITY-MGMT-TC-1,CAE-IMAGE-HARDENING-TC-1",https://cae-np-rtp.cisco.com,e634aab8-38d6-11e9-8cae-428e79dfd1ba
CAE:4cbf4849-9503-11e8-911b-fa163e4fa075,savmmeraki-prod-int-rcdn,"CAE-IDENTITY-MGMT-TC-1,CAE-IMAGE-HARDENING-TC-1",https://cae-prd-rcdn.cisco.com,d732b56e-38c2-11e9-87a8-665cff6159ae
P3:b8e219f005e843f5a3a717776655bea3,e5e8435a523d43e6bbed40715c228cde-0e50bef3-b745-4c79-972b-1312775,"P3-IDENTITY-MGMT-TC-1,P3-IMAGE-HARDENING-TC-1",https://cloud-rcdn-1.cisco.com:5000/v3,731399fa-38e4-11e9-8cae-428e79dfd1ba
CAE:ed28c182-fb81-11e8-9210-fa163e463fb4,deepika-project-2,"CAE-IDENTITY-MGMT-TC-1,CAE-IMAGE-HARDENING-TC-1",https://cae-np-rtp.cisco.com,4d41bbc2-38d4-11e9-8cae-428e79dfd1ba
CAE:2b2aa35a-f312-11e8-927d-fa163e8112c6,noroute-test,"CAE-IDENTITY-MGMT-TC-1,CAE-IMAGE-HARDENING-TC-1",https://cae-prd-rcdn.cisco.com,be1d60e6-38e1-11e9-8cae-428e79dfd1ba
CAE:ef4e534e-92c0-11e8-bb98-fa163eb43b51,pwc014-prod-ext-rtp,"CAE-IDENTITY-MGMT-TC-1,CAE-IMAGE-HARDENING-TC-1",https://cae-prd-rtp.cisco.com,12fed4bc-38c6-11e9-87a8-665cff6159ae
CAE:f37d4959-6b90-11e8-ae80-fa163eb08fb0,lpssimulatorws-lt-int-rtp,"CAE-IDENTITY-MGMT-TC-1,CAE-IMAGE-HARDENING-TC-1",https://cae-np-rtp.cisco.com,6608e040-38c0-11e9-87a8-665cff6159ae
CAE:e0c46a2e-6d46-11e8-8d0a-fa163ed61dec,cib-dev-rcdn,"CAE-IDENTITY-MGMT-TC-1,CAE-IMAGE-HARDENING-TC-1",https://cae-np-rcdn.cisco.com,b18eef2a-38c3-11e9-87a8-665cff6159ae
P3:067c4502171e48a59bffa179babfe23b,e5e8435a523d43e6bbed40715c228cde-c8da8041-3b19-4fcd-905c-d03a0a2,"P3-IDENTITY-MGMT-TC-1,P3-IMAGE-HARDENING-TC-1",https://cloud-rcdn-1.cisco.com:5000/v3,ce69a3c8-38e2-11e9-8cae-428e79dfd1ba
CAE:73c1106f-90ae-11e8-bf24-fa163e8ddce3,cdbdev-prod-int-alln,"CAE-IDENTITY-MGMT-TC-1,CAE-IMAGE-HARDENING-TC-1",https://cae-prd-alln.cisco.com,29076a20-38c7-11e9-87a8-665cff6159ae
CAE:4a0515ae-922c-11e8-bf24-fa163e8ddce3,xassbpom-poe-int-alln,"CAE-IDENTITY-MGMT-TC-1,CAE-IMAGE-HARDENING-TC-1",https://cae-prd-alln.cisco.com,8925bf0e-38ce-11e9-8cae-428e79dfd1ba
CAE:5a61fcd7-71c9-11e8-8861-fa163e463fb4,testgopher-devtest-int-rtp,"CAE-IDENTITY-MGMT-TC-1,CAE-IMAGE-HARDENING-TC-1",https://cae-np-rtp.cisco.com,43b80ab0-38df-11e9-8cae-428e79dfd1ba
P3:f508f04f485740d496989a1f09699a63,1be9223c4ad4485a9255fddd2487e4a4-a4e8dbb9-9a43-4329-93e3-59d0eaa,"P3-IDENTITY-MGMT-TC-1,P3-IMAGE-HARDENING-TC-1",https://cloud-rtp-1.cisco.com:5000/v3,179d0a8c-38e6-11e9-8cae-428e79dfd1ba
CAE:889c6e48-71c9-11e8-8861-fa163e463fb4,slalphapteedc-alphastg-int-rtp,"CAE-IDENTITY-MGMT-TC-1,CAE-IMAGE-HARDENING-TC-1",https://cae-np-rtp.cisco.com,d9c119e6-38d7-11e9-8cae-428e79dfd1ba
CAE:6c849b4b-78c3-11e8-ae80-fa163eb08fb0,pdricw-dev-ext-rtp,"CAE-IDENTITY-MGMT-TC-1,CAE-IMAGE-HARDENING-TC-1",https://cae-np-rtp.cisco.com,ccd6b96a-38dd-11e9-8cae-428e79dfd1ba
CAE:3c01e5f4-7672-11e8-947a-fa163e8112c6,bnpi-poe-int-rcdn,"CAE-IDENTITY-MGMT-TC-1,CAE-IMAGE-HARDENING-TC-1",https://cae-prd-rcdn.cisco.com,0a66a0e0-38e5-11e9-8cae-428e79dfd1ba
CAE:d2fa95a0-a596-11e8-9e98-fa163eb43b51,ccwr-prod,"CAE-IDENTITY-MGMT-TC-1,CAE-IMAGE-HARDENING-TC-1",https://cae-prd-rtp.cisco.com,d779565a-38c1-11e9-87a8-665cff6159ae
CAE:93385173-7f35-11e8-bf24-fa163e8ddce3,ccwdir-prod-ext-alln,"CAE-IDENTITY-MGMT-TC-1,CAE-IMAGE-HARDENING-TC-1",https://cae-prd-alln.cisco.com,12eead34-38d6-11e9-8cae-428e79dfd1ba
P3:2e7e8c5a212541fd83af446a5f82436a,fb603c9d5038421790fd96f35bdff8bc-b470804a-beaa-4ec7-bf16-a7157d4,"P3-IDENTITY-MGMT-TC-1,P3-IMAGE-HARDENING-TC-1",https://cloud-alln-1.cisco.com:5000/v3,bd5ec65e-38c8-11e9-87a8-665cff6159ae
CAE:8fa5fe13-69db-11e8-937f-fa163ed61dec,stresstest0,"CAE-IDENTITY-MGMT-TC-1,CAE-IMAGE-HARDENING-TC-1",https://cae-np-rcdn.cisco.com,5acecfd6-38e4-11e9-8cae-428e79dfd1ba
CAE:352b2c9e-ab18-11e8-b504-fa163e8ddce3,cus-success-pblu-ext-alln,"CAE-IDENTITY-MGMT-TC-1,CAE-IMAGE-HARDENING-TC-1",https://cae-prd-alln.cisco.com,f2d080d0-38e5-11e9-8cae-428e79dfd1ba
P3:e89559f96854412a9ee1b99fa4ca8ccb,e5e8435a523d43e6bbed40715c228cde-4f4f3ddb-4583-43b1-a9b5-8e1c8ef,"P3-IDENTITY-MGMT-TC-1,P3-IMAGE-HARDENING-TC-1",https://cloud-rcdn-1.cisco.com:5000/v3,53e32eba-38d0-11e9-8cae-428e79dfd1ba
CAE:2ce40355-94e9-11e8-b471-fa163e463fb4,g2cebs-dev-int-rtp,"CAE-IDENTITY-MGMT-TC-1,CAE-IMAGE-HARDENING-TC-1",https://cae-np-rtp.cisco.com,2c60511e-38c7-11e9-87a8-665cff6159ae
CAE:abc58bd7-e109-11e8-9582-fa163e9babb3,cd2-end-to-end-test,"CAE-IDENTITY-MGMT-TC-1,CAE-IMAGE-HARDENING-TC-1",https://cae-np-alln.cisco.com,6091a736-38da-11e9-8cae-428e79dfd1ba
CAE:0fedbe0a-c8ef-11e8-9210-fa163e463fb4,ctbx-dev-cae,"CAE-IDENTITY-MGMT-TC-1,CAE-IMAGE-HARDENING-TC-1",https://cae-np-rtp.cisco.com,c086c864-38c7-11e9-87a8-665cff6159ae
CAE:74cbead1-c1bb-11e8-8d4e-fa163eb08fb0,rallybot,"CAE-IDENTITY-MGMT-TC-1,CAE-IMAGE-HARDENING-TC-1",https://cae-np-rtp.cisco.com,6c0f72b0-38ca-11e9-87a8-665cff6159ae
CAE:20233029-6c24-11e8-ae80-fa163eb08fb0,slexui-dev2-ext-rtp,"CAE-IDENTITY-MGMT-TC-1,CAE-IMAGE-HARDENING-TC-1",https://cae-np-rtp.cisco.com,e3fa3938-38d7-11e9-8cae-428e79dfd1ba
P3:66de8a249404484ca11eb140da106884,e5e8435a523d43e6bbed40715c228cde-c098aebe-1090-4551-885b-94f1ce5,"P3-IDENTITY-MGMT-TC-1,P3-IMAGE-HARDENING-TC-1",https://cloud-rcdn-1.cisco.com:5000/v3,ff0cd33a-38d6-11e9-8cae-428e79dfd1ba
P3:59846d01d9774b34ad920a0dbb87e6d4,e5e8435a523d43e6bbed40715c228cde-526f031f-d9df-4436-931e-58118b8,"P3-IDENTITY-MGMT-TC-1,P3-IMAGE-HARDENING-TC-1",https://cloud-rcdn-1.cisco.com:5000/v3,ab3ebd3e-38e7-11e9-8cae-428e79dfd1ba
CAE:143c2bf2-6467-11e8-97b7-fa163eb43b51,appmgmprod-prod-int-rtp,"CAE-IDENTITY-MGMT-TC-1,CAE-IMAGE-HARDENING-TC-1",https://cae-prd-rtp.cisco.com,20486f8c-38e6-11e9-8cae-428e79dfd1ba
CAE:361f5e05-e989-11e8-9210-fa163e463fb4,appmgm-np-rtp-stage,"CAE-IDENTITY-MGMT-TC-1,CAE-IMAGE-HARDENING-TC-1",https://cae-np-rtp.cisco.com,479eb098-38cb-11e9-87a8-665cff6159ae
CAE:60525056-9507-11e8-b471-fa163e463fb4,checwa-dalp-ext-rtp,"CAE-IDENTITY-MGMT-TC-1,CAE-IMAGE-HARDENING-TC-1",https://cae-np-rtp.cisco.com,23c12e8a-38c1-11e9-87a8-665cff6159ae
CAE:71ac852c-8616-11e8-8862-fa163e463fb4,gis-voice-supportbot,"CAE-IDENTITY-MGMT-TC-1,CAE-IMAGE-HARDENING-TC-1",https://cae-np-rtp.cisco.com,31e44e60-38d6-11e9-8cae-428e79dfd1ba
CAE:448c628a-9503-11e8-b471-fa163e463fb4,savmmeraki-stg-int-rtp,"CAE-IDENTITY-MGMT-TC-1,CAE-IMAGE-HARDENING-TC-1",https://cae-np-rtp.cisco.com,560c1512-38cb-11e9-87a8-665cff6159ae
CAE:478104a5-7669-11e8-9185-fa163e4fa075,cs1bws-poe-int-rcdn,"CAE-IDENTITY-MGMT-TC-1,CAE-IMAGE-HARDENING-TC-1",https://cae-prd-rcdn.cisco.com,53263bb2-38c5-11e9-87a8-665cff6159ae
P3:218538ef5d82411d86538da6c714348a,e5e8435a523d43e6bbed40715c228cde-b5838869-dc55-4344-82ba-634367f,"P3-IDENTITY-MGMT-TC-1,P3-IMAGE-HARDENING-TC-1",https://cloud-rcdn-1.cisco.com:5000/v3,18f08454-38dc-11e9-8cae-428e79dfd1ba
P3:4ab493d4f9c5473395f053a14e46b165,e5e8435a523d43e6bbed40715c228cde-a32f3b4a-5b59-4e81-95ea-ddfed90,"P3-IDENTITY-MGMT-TC-1,P3-IMAGE-HARDENING-TC-1",https://cloud-rcdn-1.cisco.com:5000/v3,ef9e84fc-38e5-11e9-8cae-428e79dfd1ba
CAE:dff9cbf8-7f35-11e8-8861-fa163e463fb4,ccwdir-lt-ext-rtp,"CAE-IDENTITY-MGMT-TC-1,CAE-IMAGE-HARDENING-TC-1",https://cae-np-rtp.cisco.com,9fb45fc8-38ce-11e9-8cae-428e79dfd1ba
CAE:783d92ae-2c0a-11e9-a8aa-fa163ed61dec,mysso-api-nprd,"CAE-IDENTITY-MGMT-TC-1,CAE-IMAGE-HARDENING-TC-1",https://cae-np-rcdn.cisco.com,5fdaf474-38c5-11e9-87a8-665cff6159ae
CAE:3d512c82-6ba7-11e8-ae80-fa163eb08fb0,tkl-dev2-ext-rtp,"CAE-IDENTITY-MGMT-TC-1,CAE-IMAGE-HARDENING-TC-1",https://cae-np-rtp.cisco.com,783bc944-38cf-11e9-8cae-428e79dfd1ba
CAE:b40615a7-90eb-11e8-bb98-fa163eb43b51,testcaer3r,"CAE-IDENTITY-MGMT-TC-1,CAE-IMAGE-HARDENING-TC-1",https://cae-prd-rtp.cisco.com,98821da2-38de-11e9-8cae-428e79dfd1ba
CAE:4af4ea2c-bb95-11e8-9d5d-fa163e463fb4,sbpsfl-stg,"CAE-IDENTITY-MGMT-TC-1,CAE-IMAGE-HARDENING-TC-1",https://cae-np-rtp.cisco.com,b388b328-38d8-11e9-8cae-428e79dfd1ba
CAE:74ca6be8-9238-11e8-b471-fa163e463fb4,callback-dev-int-rtp,"CAE-IDENTITY-MGMT-TC-1,CAE-IMAGE-HARDENING-TC-1",https://cae-np-rtp.cisco.com,baabaf3a-38dc-11e9-8cae-428e79dfd1ba
CAE:318ae5f4-e71d-11e8-84c5-fa163eb08fb0,metabase-dev,"CAE-IDENTITY-MGMT-TC-1,CAE-IMAGE-HARDENING-TC-1",https://cae-np-rtp.cisco.com,bf3a0faa-38d8-11e9-8cae-428e79dfd1ba
P3:59506e42cc394890938e4c77baea8e4b,e5e8435a523d43e6bbed40715c228cde-e66e9c98-38b6-4def-b88e-35aa282,"P3-IDENTITY-MGMT-TC-1,P3-IMAGE-HARDENING-TC-1",https://cloud-rcdn-1.cisco.com:5000/v3,f9f6860c-38c7-11e9-87a8-665cff6159ae
CAE:9cc7dafd-e9fa-11e8-84c5-fa163eb08fb0,ibfdiscovery-dev-int-rtp,"CAE-IDENTITY-MGMT-TC-1,CAE-IMAGE-HARDENING-TC-1",https://cae-np-rtp.cisco.com,6f9db968-38e9-11e9-8cae-428e79dfd1ba
P3:5ad9f7d8c57c42b9bd3fd80392ab0ba7,e5e8435a523d43e6bbed40715c228cde-d56788b7-793d-44d1-8963-f6b3b55,"P3-IDENTITY-MGMT-TC-1,P3-IMAGE-HARDENING-TC-1",https://cloud-rcdn-1.cisco.com:5000/v3,5d7361e4-38e3-11e9-8cae-428e79dfd1ba
CAE:9dba8ab2-6bb3-11e8-ae80-fa163eb08fb0,pdrw20-cstg-ext-rtp,"CAE-IDENTITY-MGMT-TC-1,CAE-IMAGE-HARDENING-TC-1",https://cae-np-rtp.cisco.com,b1007f84-38c2-11e9-87a8-665cff6159ae
P3:bedcbdecfdea4d3494e97fbf712ae4fd,1be9223c4ad4485a9255fddd2487e4a4-9663c4a3-8744-4cb4-bc1c-ac63282,"P3-IDENTITY-MGMT-TC-1,P3-IMAGE-HARDENING-TC-1",https://cloud-rtp-1.cisco.com:5000/v3,4f3a64ba-38c0-11e9-87a8-665cff6159ae
CAE:e9c382e1-9c01-11e8-bac7-fa163e4fa075,dtxapp-prod-int-rcdn,"CAE-IDENTITY-MGMT-TC-1,CAE-IMAGE-HARDENING-TC-1",https://cae-prd-rcdn.cisco.com,a1c5123a-38dd-11e9-8cae-428e79dfd1ba
CAE:91f397f8-8a5d-11e8-8862-fa163e463fb4,crsolrcl-dv1,"CAE-IDENTITY-MGMT-TC-1,CAE-IMAGE-HARDENING-TC-1",https://cae-np-rtp.cisco.com,66a42474-38e3-11e9-8cae-428e79dfd1ba
CAE:73142c53-71a2-11e8-9185-fa163e4fa075,peopleinsights-prod-int-rcdn,"CAE-IDENTITY-MGMT-TC-1,CAE-IMAGE-HARDENING-TC-1",https://cae-prd-rcdn.cisco.com,e5b914ac-38e0-11e9-8cae-428e79dfd1ba
CAE:4e2627a3-766c-11e8-8861-fa163e463fb4,qsched-lt-int-rtp,"CAE-IDENTITY-MGMT-TC-1,CAE-IMAGE-HARDENING-TC-1",https://cae-np-rtp.cisco.com,9d135568-38d2-11e9-8cae-428e79dfd1ba
CAE:0a52576e-9681-11e8-bb98-fa163eb43b51,cd-api-rtp-prod-dr,"CAE-IDENTITY-MGMT-TC-1,CAE-IMAGE-HARDENING-TC-1",https://cae-prd-rtp.cisco.com,7e66c878-38e3-11e9-8cae-428e79dfd1ba
CAE:f0808333-9506-11e8-b471-fa163e463fb4,ptenot-dalp-int-rtp,"CAE-IDENTITY-MGMT-TC-1,CAE-IMAGE-HARDENING-TC-1",https://cae-np-rtp.cisco.com,f84d467e-38db-11e9-8cae-428e79dfd1ba
CAE:6649cfb4-cdea-11e8-86c8-fa163e8ddce3,esignature-prod-alln,"CAE-IDENTITY-MGMT-TC-1,CAE-IMAGE-HARDENING-TC-1",https://cae-prd-alln.cisco.com,842a6c92-38d4-11e9-8cae-428e79dfd1ba
P3:9be683c298904140849763af2ba1a808,e5e8435a523d43e6bbed40715c228cde-afe7cab0-3e01-420f-b093-a2f90e9,"P3-IDENTITY-MGMT-TC-1,P3-IMAGE-HARDENING-TC-1",https://cloud-rcdn-1.cisco.com:5000/v3,04f4a462-38e6-11e9-8cae-428e79dfd1ba
P3:96f2eefa01f34102875aaf033f58d32d,e5e8435a523d43e6bbed40715c228cde-726e299f-4120-4761-9670-39dac9a,"P3-IDENTITY-MGMT-TC-1,P3-IMAGE-HARDENING-TC-1",https://cloud-rcdn-1.cisco.com:5000/v3,7356ddb0-38de-11e9-8cae-428e79dfd1ba
P3:93f6d6e0ec9747dfb9b05aec290eca93,1be9223c4ad4485a9255fddd2487e4a4-a6b6ffb6-ffcd-44d2-a34f-fbd6eef,"P3-IDENTITY-MGMT-TC-1,P3-IMAGE-HARDENING-TC-1",https://cloud-rtp-1.cisco.com:5000/v3,47be56d2-38c1-11e9-87a8-665cff6159ae
CAE:75ccdc53-ec3f-11e8-ba47-fa163e47c7a2,code-demo-apps,"CAE-IDENTITY-MGMT-TC-1,CAE-IMAGE-HARDENING-TC-1",https://cae-np-alln.cisco.com,fd4f20f2-38d1-11e9-8cae-428e79dfd1ba
CAE:8fa7d854-e989-11e8-90e2-fa163e4fa075,appmgm-prd-rcdn,"CAE-IDENTITY-MGMT-TC-1,CAE-IMAGE-HARDENING-TC-1",https://cae-prd-rcdn.cisco.com,008f5494-38dc-11e9-8cae-428e79dfd1ba
CAE:44cbf8f1-bb94-11e8-b96a-fa163e3e558c,cso-hub-dev,"CAE-IDENTITY-MGMT-TC-1,CAE-IMAGE-HARDENING-TC-1",https://cae-np-alln.cisco.com,3a9e58fc-38ea-11e9-8cae-428e79dfd1ba
CAE:bfddd034-b603-11e8-b504-fa163e8ddce3,code-demo-apps,"CAE-IDENTITY-MGMT-TC-1,CAE-IMAGE-HARDENING-TC-1",https://cae-prd-alln.cisco.com,99dd651c-38e3-11e9-8cae-428e79dfd1ba
CAE:9294e06f-7971-11e8-ae80-fa163eb08fb0,testpteedc-devtest-int-rtp,"CAE-IDENTITY-MGMT-TC-1,CAE-IMAGE-HARDENING-TC-1",https://cae-np-rtp.cisco.com,1ea7541e-38ea-11e9-8cae-428e79dfd1ba
CAE:73b22d02-78c4-11e8-8861-fa163e463fb4,slalphacheapp-alphadev-int-rtp,"CAE-IDENTITY-MGMT-TC-1,CAE-IMAGE-HARDENING-TC-1",https://cae-np-rtp.cisco.com,441c5e98-38df-11e9-8cae-428e79dfd1ba
P3:e93eababc0ed4393af59924612d2a2ee,e5e8435a523d43e6bbed40715c228cde-e5725daa-778b-4ec5-a760-f159dd6,"P3-IDENTITY-MGMT-TC-1,P3-IMAGE-HARDENING-TC-1",https://cloud-rcdn-1.cisco.com:5000/v3,4a107d2a-38cb-11e9-87a8-665cff6159ae
CAE:8b58e376-9506-11e8-b471-fa163e463fb4,cheewa-stst-int-rtp,"CAE-IDENTITY-MGMT-TC-1,CAE-IMAGE-HARDENING-TC-1",https://cae-np-rtp.cisco.com,cec6aef2-38eb-11e9-8cae-428e79dfd1ba
CAE:e5bc227c-e988-11e8-ba1e-fa163ed61dec,appmgm-np-rcdn-stage,"CAE-IDENTITY-MGMT-TC-1,CAE-IMAGE-HARDENING-TC-1",https://cae-np-rcdn.cisco.com,fe2dba7a-38d5-11e9-8cae-428e79dfd1ba
CAE:02be7854-71ca-11e8-ae80-fa163eb08fb0,slalphapteodc-alphadev-ext-rtp,"CAE-IDENTITY-MGMT-TC-1,CAE-IMAGE-HARDENING-TC-1",https://cae-np-rtp.cisco.com,12db824a-38db-11e9-8cae-428e79dfd1ba
CAE:4f2b93c0-6b81-11e8-bd24-fa163eb43b51,secadm-prod-int-rtp,"CAE-IDENTITY-MGMT-TC-1,CAE-IMAGE-HARDENING-TC-1",https://cae-prd-rtp.cisco.com,808e062a-38cf-11e9-8cae-428e79dfd1ba
CAE:7acca196-b06b-11e8-9d5d-fa163e463fb4,oplkafka-consumers-rtp-ts3,"CAE-IDENTITY-MGMT-TC-1,CAE-IMAGE-HARDENING-TC-1",https://cae-np-rtp.cisco.com,bcec08ca-38e2-11e9-8cae-428e79dfd1ba
P3:a8e3e130264d4728baf1ebed48c66298,e5e8435a523d43e6bbed40715c228cde-600e504b-99fd-4386-b439-a7a4f8c,"P3-IDENTITY-MGMT-TC-1,P3-IMAGE-HARDENING-TC-1",https://cloud-rcdn-1.cisco.com:5000/v3,c844621e-38c2-11e9-87a8-665cff6159ae
CAE:6d51d310-78c2-11e8-ae80-fa163eb08fb0,mdm-cdv-int-rtp,"CAE-IDENTITY-MGMT-TC-1,CAE-IMAGE-HARDENING-TC-1",https://cae-np-rtp.cisco.com,24c28fd0-38e5-11e9-8cae-428e79dfd1ba
CAE:03e94747-9506-11e8-b471-fa163e463fb4,ptercm-dalp-int-rtp,"CAE-IDENTITY-MGMT-TC-1,CAE-IMAGE-HARDENING-TC-1",https://cae-np-rtp.cisco.com,b26305b2-38d7-11e9-8cae-428e79dfd1ba
CAE:17936e35-6ba7-11e8-ae80-fa163eb08fb0,tkl-dint-ext-rtp,"CAE-IDENTITY-MGMT-TC-1,CAE-IMAGE-HARDENING-TC-1",https://cae-np-rtp.cisco.com,f075de92-38dc-11e9-8cae-428e79dfd1ba
P3:3f529297b1eb4a65a7e222d293d39583,e5e8435a523d43e6bbed40715c228cde-e80ebe31-e39b-49c2-928f-8e34622,"P3-IDENTITY-MGMT-TC-1,P3-IMAGE-HARDENING-TC-1",https://cloud-rcdn-1.cisco.com:5000/v3,15cf463a-38e5-11e9-8cae-428e79dfd1ba
CAE:8db3aeed-9681-11e8-bf24-fa163e8ddce3,cd-api-alln-prod,"CAE-IDENTITY-MGMT-TC-1,CAE-IMAGE-HARDENING-TC-1",https://cae-prd-alln.cisco.com,23f28010-38e5-11e9-8cae-428e79dfd1ba
CAE:e74614fc-95b0-11e8-b471-fa163e463fb4,collabkprp-dev-ext-rtp,"CAE-IDENTITY-MGMT-TC-1,CAE-IMAGE-HARDENING-TC-1",https://cae-np-rtp.cisco.com,70ee20e2-38de-11e9-8cae-428e79dfd1ba
P3:c4a0de793b4f4e1ea16b110bc0f8abbd,1be9223c4ad4485a9255fddd2487e4a4-dd40499c-7374-487c-be6d-5477feb,"P3-IDENTITY-MGMT-TC-1,P3-IMAGE-HARDENING-TC-1",https://cloud-rtp-1.cisco.com:5000/v3,665cbddc-38d4-11e9-8cae-428e79dfd1ba
CAE:d8fa3705-9506-11e8-b471-fa163e463fb4,ptesyn-dalp-int-rtp,"CAE-IDENTITY-MGMT-TC-1,CAE-IMAGE-HARDENING-TC-1",https://cae-np-rtp.cisco.com,c80412cc-38c7-11e9-87a8-665cff6159ae
CAE:aa2886c6-9506-11e8-b471-fa163e463fb4,ptepwa-alps-int-rtp,"CAE-IDENTITY-MGMT-TC-1,CAE-IMAGE-HARDENING-TC-1",https://cae-np-rtp.cisco.com,deca3d3c-38e1-11e9-8cae-428e79dfd1ba
CAE:4731f6e9-f901-11e8-b96a-fa163e3e558c,appmgm-np-alln-ext-stage,"CAE-IDENTITY-MGMT-TC-1,CAE-IMAGE-HARDENING-TC-1",https://cae-np-alln.cisco.com,11f8a9f6-38e6-11e9-8cae-428e79dfd1ba
CAE:1ed237c0-7991-11e8-b91c-fa163e4fa075,guarantee-prod-int-rcdn,"CAE-IDENTITY-MGMT-TC-1,CAE-IMAGE-HARDENING-TC-1",https://cae-prd-rcdn.cisco.com,d557d124-38cd-11e9-8cae-428e79dfd1ba
P3:e5b6007456ba44ae89feaae321d57366,e5e8435a523d43e6bbed40715c228cde-4826c825-96f5-4ff8-9ff8-0d15241,"P3-IDENTITY-MGMT-TC-1,P3-IMAGE-HARDENING-TC-1",https://cloud-rcdn-1.cisco.com:5000/v3,32c5b062-38cc-11e9-87a8-665cff6159ae
CAE:ecb90177-e844-11e8-84c5-fa163eb08fb0,dataportal-dev,"CAE-IDENTITY-MGMT-TC-1,CAE-IMAGE-HARDENING-TC-1",https://cae-np-rtp.cisco.com,16aa0744-38d0-11e9-8cae-428e79dfd1ba
CAE:ac447619-7f35-11e8-bf24-fa163e8ddce3,ccwdir-pblu-ext-alln,"CAE-IDENTITY-MGMT-TC-1,CAE-IMAGE-HARDENING-TC-1",https://cae-prd-alln.cisco.com,8bca7b14-38d3-11e9-8cae-428e79dfd1ba
