Owner Id,Tenant Id,Tenant Name,Tenant External Url,Image Id,Image Name,Visibility,Status
785634f33bad4c8caadbb9f5baa796c7,0078be0257474092b960ba92d937098f,IMCDEV-NPD-RTP,https://cloud-rtp-1.cisco.com:5000/v3,6f7dd451-d885-4d2f-8e90-0a28fa9d0372,RHEL-7_4-MG,private,active
0420524949924489b9b2f5fc2d1ffb49,0420524949924489b9b2f5fc2d1ffb49,gslb-rtp,https://cloud-rtp-1.cisco.com:5000/v3,6e952411-13f6-43e5-8a92-b9de0cbbc0f6,controller-17.2.14-9128,private,active
0420524949924489b9b2f5fc2d1ffb49,0420524949924489b9b2f5fc2d1ffb49,gslb-rtp,https://cloud-rtp-1.cisco.com:5000/v3,a051c302-a3fb-4472-a1f1-56bf637adc82,Avi-SE-17.2.13-9168-cloud-afc650c3-8a1a-44b6-9573-cf93e8bc7f02-cluster-35f7e80e-7c69-422c-ba47-324135790de3,private,active
0420524949924489b9b2f5fc2d1ffb49,0420524949924489b9b2f5fc2d1ffb49,gslb-rtp,https://cloud-rtp-1.cisco.com:5000/v3,32ba5037-64d5-4f6c-81c5-6e7a9d935b4a,controller-17.2.13-9168,private,active
05ce976d16494da584c7fc402736960e,05ce976d16494da584c7fc402736960e,CX Labs SOC API,https://cloud-rtp-1.cisco.com:5000/v3,e281ddb6-fcfd-47d8-a005-1ced2830db7c,Ubuntu Cloud 18.04 - Docker Base,private,active
05ce976d16494da584c7fc402736960e,05ce976d16494da584c7fc402736960e,CX Labs SOC API,https://cloud-rtp-1.cisco.com:5000/v3,03fa29ea-30e8-427d-b805-5110d1f6dab3,Ubuntu Cloud 18.04,private,active
f8cdafc8861b4e0ab29362101c9c63ce,07373bf58f6d4b16ab5a2ef8d6bc6bb9,SSO-POC-FIP-NET,https://cloud-rtp-1.cisco.com:5000/v3,9169b54e-78f5-4a80-81d8-2c83fffbd1d0,CentOS-7-Generic,private,active
f8cdafc8861b4e0ab29362101c9c63ce,07ab2981925a40f7b9ccb9eaddbb1e98,SSO-HONJO,https://cloud-rtp-1.cisco.com:5000/v3,9169b54e-78f5-4a80-81d8-2c83fffbd1d0,CentOS-7-Generic,private,active
785634f33bad4c8caadbb9f5baa796c7,08a58557bf0e4fcf94d4ccd57e2ea0c5,mcmp-dev-1,https://cloud-rtp-1.cisco.com:5000/v3,6f7dd451-d885-4d2f-8e90-0a28fa9d0372,RHEL-7_4-MG,private,active
0960d6c9501c4f70b3c2c217d002b9f6,0960d6c9501c4f70b3c2c217d002b9f6,Load Testing - Internal,https://cloud-rtp-1.cisco.com:5000/v3,c4d2d3bd-29f7-4947-afe0-cd1e663d7b9f,platform3-neoload651,private,active
785634f33bad4c8caadbb9f5baa796c7,0ab21f1ffc4f4334bc727800d6125bbd,drsdev-npd-rtp,https://cloud-rtp-1.cisco.com:5000/v3,6f7dd451-d885-4d2f-8e90-0a28fa9d0372,RHEL-7_4-MG,private,active
0b05b56429914a7a9eef391573c54bb5,0b05b56429914a7a9eef391573c54bb5,CIPS BizMgmt,https://cloud-rtp-1.cisco.com:5000/v3,b5a0e429-6c73-4ff4-b92d-05c592ca3267,existing_spencer_scripting_6_14,private,active
785634f33bad4c8caadbb9f5baa796c7,0b1cb95bb32b41b2b8bbadcc483f5824,mgd-val-poc,https://cloud-rtp-1.cisco.com:5000/v3,6f7dd451-d885-4d2f-8e90-0a28fa9d0372,RHEL-7_4-MG,private,active
785634f33bad4c8caadbb9f5baa796c7,0b62988751d14f3d9aa1ecd008b0f7db,EB-DEV-RTP,https://cloud-rtp-1.cisco.com:5000/v3,6f7dd451-d885-4d2f-8e90-0a28fa9d0372,RHEL-7_4-MG,private,active
f8cdafc8861b4e0ab29362101c9c63ce,1092b829209543ed9163a5b6bf5fe70e,SSO-Private-POC,https://cloud-rtp-1.cisco.com:5000/v3,9169b54e-78f5-4a80-81d8-2c83fffbd1d0,CentOS-7-Generic,private,active
10c6464ca380486c9c2fd77cbbcf7796,10c6464ca380486c9c2fd77cbbcf7796,modelapp,https://cloud-rtp-1.cisco.com:5000/v3,4bf9caf6-4e31-44be-b7ba-4571720833a6,ubuntu-18.04-Generic,private,active
785634f33bad4c8caadbb9f5baa796c7,14a951b62bf2414cbf787ff4238ca831,Backup-POC,https://cloud-rtp-1.cisco.com:5000/v3,6f7dd451-d885-4d2f-8e90-0a28fa9d0372,RHEL-7_4-MG,private,active
785634f33bad4c8caadbb9f5baa796c7,178dd10c1de74228a6c72bcab4c2d2d4,clouddb-automation,https://cloud-rtp-1.cisco.com:5000/v3,6f7dd451-d885-4d2f-8e90-0a28fa9d0372,RHEL-7_4-MG,private,active
178dd10c1de74228a6c72bcab4c2d2d4,178dd10c1de74228a6c72bcab4c2d2d4,clouddb-automation,https://cloud-rtp-1.cisco.com:5000/v3,ae895ff9-93d1-44a3-b8c1-91642731abbe,sb-test1-ss,private,active
789546cbd91e4c4b9c912064a8aa1b02,178dd10c1de74228a6c72bcab4c2d2d4,clouddb-automation,https://cloud-rtp-1.cisco.com:5000/v3,345cd4f2-5f5d-4c99-a101-b933601441da,RHEL-7_4-MG-OLD,private,active
f8cdafc8861b4e0ab29362101c9c63ce,178dd10c1de74228a6c72bcab4c2d2d4,clouddb-automation,https://cloud-rtp-1.cisco.com:5000/v3,f55eb102-1319-461f-9fdc-702134ab2dad,RHEL-7_4-SELFMG,private,active
1be9223c4ad4485a9255fddd2487e4a4,1be9223c4ad4485a9255fddd2487e4a4,internal-direct-net-devops,https://cloud-rtp-1.cisco.com:5000/v3,52ccea7f-ebfa-4e88-a0d4-0d0c8b19135b,cirros-0.4.0,private,active
1be9223c4ad4485a9255fddd2487e4a4,1be9223c4ad4485a9255fddd2487e4a4,internal-direct-net-devops,https://cloud-rtp-1.cisco.com:5000/v3,4a29c599-6dad-4f2a-bfb6-27756dda79f1,snapshot-for-test11,private,active
1be9223c4ad4485a9255fddd2487e4a4,1be9223c4ad4485a9255fddd2487e4a4,internal-direct-net-devops,https://cloud-rtp-1.cisco.com:5000/v3,794de5a0-971c-4811-bceb-d51ed1c1226d,rhel8b1,private,active
1be9223c4ad4485a9255fddd2487e4a4,1be9223c4ad4485a9255fddd2487e4a4,internal-direct-net-devops,https://cloud-rtp-1.cisco.com:5000/v3,2259e60f-2ac7-496f-b7e9-f4c2f6b94f70,RHEL-6_9-LAE-Debug-wesun,private,active
785634f33bad4c8caadbb9f5baa796c7,1be9223c4ad4485a9255fddd2487e4a4,internal-direct-net-devops,https://cloud-rtp-1.cisco.com:5000/v3,6f7dd451-d885-4d2f-8e90-0a28fa9d0372,RHEL-7_4-MG,private,active
1be9223c4ad4485a9255fddd2487e4a4,1be9223c4ad4485a9255fddd2487e4a4,internal-direct-net-devops,https://cloud-rtp-1.cisco.com:5000/v3,4f8076eb-ac40-4182-95c1-f96dce36d7cd,Aurora-RHEL6-30,private,active
1be9223c4ad4485a9255fddd2487e4a4,1be9223c4ad4485a9255fddd2487e4a4,internal-direct-net-devops,https://cloud-rtp-1.cisco.com:5000/v3,aeaadf14-2766-48bd-a706-ee4bdb37b8f8,Aurora-RHEL7-30,private,active
1be9223c4ad4485a9255fddd2487e4a4,1be9223c4ad4485a9255fddd2487e4a4,internal-direct-net-devops,https://cloud-rtp-1.cisco.com:5000/v3,09ccca2b-c65e-4cd1-b3d9-dcca34c175c1,Aurora-CEL6.20-3,private,active
1be9223c4ad4485a9255fddd2487e4a4,1be9223c4ad4485a9255fddd2487e4a4,internal-direct-net-devops,https://cloud-rtp-1.cisco.com:5000/v3,41eb41b8-9a88-4495-957f-c3f373231afd,RHEL-7_4-ENG-sbower,private,active
789546cbd91e4c4b9c912064a8aa1b02,1be9223c4ad4485a9255fddd2487e4a4,internal-direct-net-devops,https://cloud-rtp-1.cisco.com:5000/v3,345cd4f2-5f5d-4c99-a101-b933601441da,RHEL-7_4-MG-OLD,private,active
1be9223c4ad4485a9255fddd2487e4a4,1be9223c4ad4485a9255fddd2487e4a4,internal-direct-net-devops,https://cloud-rtp-1.cisco.com:5000/v3,d3211261-c9f7-457f-b96e-12777cac0682,RHEL-6_9-ENG-sbower,private,active
785634f33bad4c8caadbb9f5baa796c7,1db2f78888c54c28b9417559c35e175f,impdev-npd-rtp,https://cloud-rtp-1.cisco.com:5000/v3,6f7dd451-d885-4d2f-8e90-0a28fa9d0372,RHEL-7_4-MG,private,active
1e7c7b5a1ef942fbafadebd00cd4cf95,1e7c7b5a1ef942fbafadebd00cd4cf95,tmx-api-dev,https://cloud-rtp-1.cisco.com:5000/v3,2d61fa8b-327a-4c51-91f3-db0db31ddd08,tmstack-20181005,private,active
1e7c7b5a1ef942fbafadebd00cd4cf95,1e7c7b5a1ef942fbafadebd00cd4cf95,tmx-api-dev,https://cloud-rtp-1.cisco.com:5000/v3,8095ee6b-4b2b-484c-a049-d7268020ac6a,tmstack-builder-snap1,private,active
785634f33bad4c8caadbb9f5baa796c7,232b3659b8334235a31f0f2d4bc31bd3,lglstg-npd-rtp,https://cloud-rtp-1.cisco.com:5000/v3,6f7dd451-d885-4d2f-8e90-0a28fa9d0372,RHEL-7_4-MG,private,active
785634f33bad4c8caadbb9f5baa796c7,24c96710e3cc4d92b5fdb48b291cf54c,MCMPPD-PRD-RTP,https://cloud-rtp-1.cisco.com:5000/v3,6f7dd451-d885-4d2f-8e90-0a28fa9d0372,RHEL-7_4-MG,private,active
785634f33bad4c8caadbb9f5baa796c7,25fda07478344f3c8ec5dc55b5bbeb14,GDPPRD-PRD-RTP,https://cloud-rtp-1.cisco.com:5000/v3,6f7dd451-d885-4d2f-8e90-0a28fa9d0372,RHEL-7_4-MG,private,active
2df2440c081e4297a469870259701a96,2df2440c081e4297a469870259701a96,ACE Plus RTP,https://cloud-rtp-1.cisco.com:5000/v3,5036dbbd-0b53-4cf4-8205-3d94366f2197,abc-wrk-Centos6.9,private,active
2df2440c081e4297a469870259701a96,2df2440c081e4297a469870259701a96,ACE Plus RTP,https://cloud-rtp-1.cisco.com:5000/v3,f9e9db1c-b780-496a-bd99-dee7a9629fb9,Centos6-Minimal,private,active
2df2440c081e4297a469870259701a96,2df2440c081e4297a469870259701a96,ACE Plus RTP,https://cloud-rtp-1.cisco.com:5000/v3,db5f6504-4aa2-40fc-af4a-ceba00c9aabf,base2,private,active
2df2440c081e4297a469870259701a96,2df2440c081e4297a469870259701a96,ACE Plus RTP,https://cloud-rtp-1.cisco.com:5000/v3,c61f8311-67be-45d6-9765-ef06cecabdfa,abc_Centos6_worker4.9,private,active
2df2440c081e4297a469870259701a96,2df2440c081e4297a469870259701a96,ACE Plus RTP,https://cloud-rtp-1.cisco.com:5000/v3,d3106fb3-b414-4355-8303-a9648ae272a5,test-ova,private,active
2df2440c081e4297a469870259701a96,2df2440c081e4297a469870259701a96,ACE Plus RTP,https://cloud-rtp-1.cisco.com:5000/v3,51ddd0da-d65f-4c2a-a45f-c94564a376cf,centos7_Message_v4.9,private,active
2df2440c081e4297a469870259701a96,2df2440c081e4297a469870259701a96,ACE Plus RTP,https://cloud-rtp-1.cisco.com:5000/v3,c6263458-b235-42ca-9fd1-5f825fe92698,centos7_CCO_v4.9,private,active
2df2440c081e4297a469870259701a96,2df2440c081e4297a469870259701a96,ACE Plus RTP,https://cloud-rtp-1.cisco.com:5000/v3,fc4d3320-f592-4e6d-8bae-f6af6bb75c77,CentOS7_CCM,private,active
2df2440c081e4297a469870259701a96,2df2440c081e4297a469870259701a96,ACE Plus RTP,https://cloud-rtp-1.cisco.com:5000/v3,5505e0f2-70c2-4d15-a586-7e54c9b70c6f,CentOS7_CCO,private,active
2df2440c081e4297a469870259701a96,2df2440c081e4297a469870259701a96,ACE Plus RTP,https://cloud-rtp-1.cisco.com:5000/v3,4720290d-f854-442c-a338-96f8046b6320,Centos7_Message,private,active
2df2440c081e4297a469870259701a96,2df2440c081e4297a469870259701a96,ACE Plus RTP,https://cloud-rtp-1.cisco.com:5000/v3,51fd4af7-4458-4347-a552-794da8cf4a27,Openstack-Centos6,private,active
2df2440c081e4297a469870259701a96,2df2440c081e4297a469870259701a96,ACE Plus RTP,https://cloud-rtp-1.cisco.com:5000/v3,43aea811-672b-4701-9580-cf40965d0aab,Test-Centos6,private,active
335d1f009ffb42e9af4ac5ba1e7b49c8,335d1f009ffb42e9af4ac5ba1e7b49c8,cnaap-rtp-001,https://cloud-rtp-1.cisco.com:5000/v3,aa5df2ba-e6e4-41de-8e8c-9519b06c2512,cnaap-rtp-001-a_01-18-2019,private,active
785634f33bad4c8caadbb9f5baa796c7,361159092db640adbe95a057db26a54e,MCMP-STG,https://cloud-rtp-1.cisco.com:5000/v3,6f7dd451-d885-4d2f-8e90-0a28fa9d0372,RHEL-7_4-MG,private,active
785634f33bad4c8caadbb9f5baa796c7,36da1eaf6c204750ba241c6db1bafea7,mgprod-prd-rtp,https://cloud-rtp-1.cisco.com:5000/v3,6f7dd451-d885-4d2f-8e90-0a28fa9d0372,RHEL-7_4-MG,private,active
380bff38e6e44de49b252694f7b5abe9,380bff38e6e44de49b252694f7b5abe9,trfmdv-npd-rtp,https://cloud-rtp-1.cisco.com:5000/v3,7ecb4711-28ed-421c-a1b0-e8ecd43636a6,sb1-sbit2-dev3-1-ss,private,active
380bff38e6e44de49b252694f7b5abe9,380bff38e6e44de49b252694f7b5abe9,trfmdv-npd-rtp,https://cloud-rtp-1.cisco.com:5000/v3,12eaa00d-710f-4ad4-b752-09f35404736a,sb-mg-1-ss,private,active
785634f33bad4c8caadbb9f5baa796c7,380bff38e6e44de49b252694f7b5abe9,trfmdv-npd-rtp,https://cloud-rtp-1.cisco.com:5000/v3,6f7dd451-d885-4d2f-8e90-0a28fa9d0372,RHEL-7_4-MG,private,active
380bff38e6e44de49b252694f7b5abe9,380bff38e6e44de49b252694f7b5abe9,trfmdv-npd-rtp,https://cloud-rtp-1.cisco.com:5000/v3,51cf8fac-1828-485f-a71f-594dcc95782c,sb-test-05-snap,private,active
380bff38e6e44de49b252694f7b5abe9,380bff38e6e44de49b252694f7b5abe9,trfmdv-npd-rtp,https://cloud-rtp-1.cisco.com:5000/v3,489bdf10-c5b3-4675-8495-ee1dd423788a,RHEL7-SELFMG-SB,private,active
380bff38e6e44de49b252694f7b5abe9,380bff38e6e44de49b252694f7b5abe9,trfmdv-npd-rtp,https://cloud-rtp-1.cisco.com:5000/v3,0604fef6-fba2-4d86-a26c-23989b8a52d2,RHEL-7.4-IT,private,active
380bff38e6e44de49b252694f7b5abe9,380bff38e6e44de49b252694f7b5abe9,trfmdv-npd-rtp,https://cloud-rtp-1.cisco.com:5000/v3,295ecf42-816c-4238-ba42-5c2e8d3a4cac,rhel74-base-vm-ss,private,active
380bff38e6e44de49b252694f7b5abe9,380bff38e6e44de49b252694f7b5abe9,trfmdv-npd-rtp,https://cloud-rtp-1.cisco.com:5000/v3,d688196b-661a-4035-a88e-606ec6a354c8,RHEL-7.4-SB-TEST3,private,active
380bff38e6e44de49b252694f7b5abe9,380bff38e6e44de49b252694f7b5abe9,trfmdv-npd-rtp,https://cloud-rtp-1.cisco.com:5000/v3,3a703737-d6c3-4674-ae65-0274d4f84661,sb-base3-ss,private,active
380bff38e6e44de49b252694f7b5abe9,380bff38e6e44de49b252694f7b5abe9,trfmdv-npd-rtp,https://cloud-rtp-1.cisco.com:5000/v3,044235ab-207d-4c32-b963-241222969880,RHEL-7.4-SB-TEST,private,active
380bff38e6e44de49b252694f7b5abe9,380bff38e6e44de49b252694f7b5abe9,trfmdv-npd-rtp,https://cloud-rtp-1.cisco.com:5000/v3,050fe548-72a6-426a-be5c-ae33244d6922,sb-base-snap,private,active
f8cdafc8861b4e0ab29362101c9c63ce,380bff38e6e44de49b252694f7b5abe9,trfmdv-npd-rtp,https://cloud-rtp-1.cisco.com:5000/v3,10893dd1-272c-4a07-8c4a-b9e8987671d3,RHEL-7.4-BASE-20170821,private,active
789546cbd91e4c4b9c912064a8aa1b02,380bff38e6e44de49b252694f7b5abe9,trfmdv-npd-rtp,https://cloud-rtp-1.cisco.com:5000/v3,9aa7d528-2363-489f-af6e-ab85cfc5ee49,RHEL-7_4-PROD-11-02-2018-SB,private,active
789546cbd91e4c4b9c912064a8aa1b02,380bff38e6e44de49b252694f7b5abe9,trfmdv-npd-rtp,https://cloud-rtp-1.cisco.com:5000/v3,8e57212e-66fc-454a-8830-e72e6a235f2b,RHEL-7_4-PROD,private,active
40aaa2f8eaa6427cbf7ab246343989e0,40aaa2f8eaa6427cbf7ab246343989e0,sto-ccc-hardening,https://cloud-rtp-1.cisco.com:5000/v3,046be464-8944-425d-ae21-e695f26a53a6,SCCC-jenkins-image,private,active
785634f33bad4c8caadbb9f5baa796c7,451d54dc2c974551b760184cb30211b6,EB-STG-RTP,https://cloud-rtp-1.cisco.com:5000/v3,6f7dd451-d885-4d2f-8e90-0a28fa9d0372,RHEL-7_4-MG,private,active
785634f33bad4c8caadbb9f5baa796c7,46ca22d66e514a5a94556037b38014b0,ESGDEV-NPD-RTP,https://cloud-rtp-1.cisco.com:5000/v3,6f7dd451-d885-4d2f-8e90-0a28fa9d0372,RHEL-7_4-MG,private,active
785634f33bad4c8caadbb9f5baa796c7,46e372272c274398b43550f4109c8f80,MMSTG-NPD-RTP,https://cloud-rtp-1.cisco.com:5000/v3,6f7dd451-d885-4d2f-8e90-0a28fa9d0372,RHEL-7_4-MG,private,active
49897ff34c4c4bcda42d1d1a881f8c5b,49897ff34c4c4bcda42d1d1a881f8c5b,IAM Dashboard,https://cloud-rtp-1.cisco.com:5000/v3,8bd66aa4-df3c-4a97-816d-bb13fbc94951,test-snap,private,active
785634f33bad4c8caadbb9f5baa796c7,4c2155c29c7a4a75a8d50d9d2e83be6c,embdev-npd-rtp,https://cloud-rtp-1.cisco.com:5000/v3,6f7dd451-d885-4d2f-8e90-0a28fa9d0372,RHEL-7_4-MG,private,active
4cd2fa18b7eb4106b1201642e041343c,4cd2fa18b7eb4106b1201642e041343c,documentation,https://cloud-rtp-1.cisco.com:5000/v3,568307c1-7b42-483e-beb1-89b3deba3cd0,appliance1,private,active
4cd2fa18b7eb4106b1201642e041343c,4cd2fa18b7eb4106b1201642e041343c,documentation,https://cloud-rtp-1.cisco.com:5000/v3,d50533bc-b926-4ee5-acfc-856a9fa57605,testing-snap,private,active
4cd2fa18b7eb4106b1201642e041343c,4cd2fa18b7eb4106b1201642e041343c,documentation,https://cloud-rtp-1.cisco.com:5000/v3,c26a353c-7f08-4d38-af02-6d180f94f6ab,stress-image,private,active
785634f33bad4c8caadbb9f5baa796c7,4ed44a1319c1404680bd722d1a201992,SCISTG-NPD-RTP,https://cloud-rtp-1.cisco.com:5000/v3,6f7dd451-d885-4d2f-8e90-0a28fa9d0372,RHEL-7_4-MG,private,active
785634f33bad4c8caadbb9f5baa796c7,53971cc3693f4c25a5fab9d271dee70c,EB-DEV-POC,https://cloud-rtp-1.cisco.com:5000/v3,6f7dd451-d885-4d2f-8e90-0a28fa9d0372,RHEL-7_4-MG,private,active
785634f33bad4c8caadbb9f5baa796c7,5409ebbb7265490db89adf88b2353911,OPSMGR-NPD-RTP,https://cloud-rtp-1.cisco.com:5000/v3,6f7dd451-d885-4d2f-8e90-0a28fa9d0372,RHEL-7_4-MG,private,active
785634f33bad4c8caadbb9f5baa796c7,5c86a77505eb4e6da5ef57b1a758ba8c,MCMP-DEV,https://cloud-rtp-1.cisco.com:5000/v3,6f7dd451-d885-4d2f-8e90-0a28fa9d0372,RHEL-7_4-MG,private,active
785634f33bad4c8caadbb9f5baa796c7,5e12ed5cda164b45b2a0d06e6f109bb0,AIMSTG-NPD-RTP,https://cloud-rtp-1.cisco.com:5000/v3,6f7dd451-d885-4d2f-8e90-0a28fa9d0372,RHEL-7_4-MG,private,active
785634f33bad4c8caadbb9f5baa796c7,606731457ac149babd8c098f8155886e,ESGNPD-PRD-RTP,https://cloud-rtp-1.cisco.com:5000/v3,6f7dd451-d885-4d2f-8e90-0a28fa9d0372,RHEL-7_4-MG,private,active
62e4a56e29f64076a23c9fbd50d89b9c,62e4a56e29f64076a23c9fbd50d89b9c,Spinnaker-POC,https://cloud-rtp-1.cisco.com:5000/v3,c8ac4c7f-c17e-41e2-aae4-e990b38c8075,Spinnaker_image_20180419,private,active
785634f33bad4c8caadbb9f5baa796c7,68dbcd6bc4ab448eb7ab250bb0a707a3,lglprd-prd-rtp,https://cloud-rtp-1.cisco.com:5000/v3,6f7dd451-d885-4d2f-8e90-0a28fa9d0372,RHEL-7_4-MG,private,active
785634f33bad4c8caadbb9f5baa796c7,6b779c97264b45f78b77306df81dd2d5,GSLOPC-NPD-RTP,https://cloud-rtp-1.cisco.com:5000/v3,6f7dd451-d885-4d2f-8e90-0a28fa9d0372,RHEL-7_4-MG,private,active
785634f33bad4c8caadbb9f5baa796c7,70128ecb61754de59de794e44850ec06,OPL-App-Stg,https://cloud-rtp-1.cisco.com:5000/v3,6f7dd451-d885-4d2f-8e90-0a28fa9d0372,RHEL-7_4-MG,private,active
706419a8e3794fd9a20e3e15c913a89c,706419a8e3794fd9a20e3e15c913a89c,cxdp-sandbox,https://cloud-rtp-1.cisco.com:5000/v3,656789f2-ac94-4dae-98e6-fe2bb392906b,CentOS-7-Generic,private,active
706419a8e3794fd9a20e3e15c913a89c,706419a8e3794fd9a20e3e15c913a89c,cxdp-sandbox,https://cloud-rtp-1.cisco.com:5000/v3,1f3cefcd-0254-49ff-846a-9af0cf366f07,CentOS-7-Generic,private,queued
706419a8e3794fd9a20e3e15c913a89c,706419a8e3794fd9a20e3e15c913a89c,cxdp-sandbox,https://cloud-rtp-1.cisco.com:5000/v3,a900d532-4960-4287-8b55-657bb8373ded,coreos_production,private,active
785634f33bad4c8caadbb9f5baa796c7,71096dd42dec49fd9600b9081f9ca997,casapp-npd-rtp,https://cloud-rtp-1.cisco.com:5000/v3,6f7dd451-d885-4d2f-8e90-0a28fa9d0372,RHEL-7_4-MG,private,active
71b5ad6ad5874db0b38455b67e5f72dc,71b5ad6ad5874db0b38455b67e5f72dc,ngcs-ops-tools,https://cloud-rtp-1.cisco.com:5000/v3,fccf7807-62aa-4c7a-aa74-116d08435a28,trythecloud-volume-image,private,active
71b5ad6ad5874db0b38455b67e5f72dc,71b5ad6ad5874db0b38455b67e5f72dc,ngcs-ops-tools,https://cloud-rtp-1.cisco.com:5000/v3,431f500e-82fe-47c2-ac82-0ec2ec24c658,ubuntu_1804_bionic,private,active
71b5ad6ad5874db0b38455b67e5f72dc,71b5ad6ad5874db0b38455b67e5f72dc,ngcs-ops-tools,https://cloud-rtp-1.cisco.com:5000/v3,6d9412e7-d709-467a-9c0b-c6f37a273094,Fedora-Cloud-Base-27,private,active
71b5ad6ad5874db0b38455b67e5f72dc,71b5ad6ad5874db0b38455b67e5f72dc,ngcs-ops-tools,https://cloud-rtp-1.cisco.com:5000/v3,fc265e2f-a5f0-4973-b02d-d470f12b32e5,rancheros-openstack_1_3_0,private,active
71b5ad6ad5874db0b38455b67e5f72dc,71b5ad6ad5874db0b38455b67e5f72dc,ngcs-ops-tools,https://cloud-rtp-1.cisco.com:5000/v3,696acd89-af0d-4517-9af6-6a49fe637339,rancherOS,private,active
785634f33bad4c8caadbb9f5baa796c7,724a1b156c5249838044a4308532d893,DCC-OpenStack,https://cloud-rtp-1.cisco.com:5000/v3,6f7dd451-d885-4d2f-8e90-0a28fa9d0372,RHEL-7_4-MG,private,active
724a1b156c5249838044a4308532d893,724a1b156c5249838044a4308532d893,DCC-OpenStack,https://cloud-rtp-1.cisco.com:5000/v3,e1922e3a-de8f-46f7-8209-9b9b2b179e36,ADworks_poc2,private,active
724a1b156c5249838044a4308532d893,724a1b156c5249838044a4308532d893,DCC-OpenStack,https://cloud-rtp-1.cisco.com:5000/v3,27a54a36-16fb-4b91-9658-835b1bc0c974,Before_poc_july12,private,active
724a1b156c5249838044a4308532d893,724a1b156c5249838044a4308532d893,DCC-OpenStack,https://cloud-rtp-1.cisco.com:5000/v3,f94178a7-d52a-4ad4-acf7-0d55a43eeb87,before_poc,private,active
724a1b156c5249838044a4308532d893,724a1b156c5249838044a4308532d893,DCC-OpenStack,https://cloud-rtp-1.cisco.com:5000/v3,418cef38-a9cf-48dd-9643-2b6f9fa236ee,adi-test-snap,private,active
785634f33bad4c8caadbb9f5baa796c7,79642df9985e4738acdb11e4dfa594a2,tagprd-prd-rtp,https://cloud-rtp-1.cisco.com:5000/v3,6f7dd451-d885-4d2f-8e90-0a28fa9d0372,RHEL-7_4-MG,private,active
785634f33bad4c8caadbb9f5baa796c7,7d9d6f1a0424475db5386bfd595eb795,OPLTS3-NPD-RTP,https://cloud-rtp-1.cisco.com:5000/v3,6f7dd451-d885-4d2f-8e90-0a28fa9d0372,RHEL-7_4-MG,private,active
785634f33bad4c8caadbb9f5baa796c7,80c66c846bee411c904b600bdd429e43,OPL-LT,https://cloud-rtp-1.cisco.com:5000/v3,6f7dd451-d885-4d2f-8e90-0a28fa9d0372,RHEL-7_4-MG,private,active
785634f33bad4c8caadbb9f5baa796c7,83f28036bd034cd6a476dfcd01ec897f,itsaut-dev-rtp,https://cloud-rtp-1.cisco.com:5000/v3,6f7dd451-d885-4d2f-8e90-0a28fa9d0372,RHEL-7_4-MG,private,active
785634f33bad4c8caadbb9f5baa796c7,84690b9cfdce461893e970b71351d316,SCIPRD-PRD-RTP,https://cloud-rtp-1.cisco.com:5000/v3,6f7dd451-d885-4d2f-8e90-0a28fa9d0372,RHEL-7_4-MG,private,active
785634f33bad4c8caadbb9f5baa796c7,8701012861c84fea9434ced9ca47fa24,lgldev-npd-rtp,https://cloud-rtp-1.cisco.com:5000/v3,6f7dd451-d885-4d2f-8e90-0a28fa9d0372,RHEL-7_4-MG,private,active
888ac44268754f50888d5bd0aabe34a7,888ac44268754f50888d5bd0aabe34a7,phuoc_rtp,https://cloud-rtp-1.cisco.com:5000/v3,727c9af3-e905-4f4d-925e-4903bfee1a13,snapshot_image,private,active
785634f33bad4c8caadbb9f5baa796c7,88b5ae8276244d75aae64099618aa2fe,embstg-npd-rtp,https://cloud-rtp-1.cisco.com:5000/v3,6f7dd451-d885-4d2f-8e90-0a28fa9d0372,RHEL-7_4-MG,private,active
88bbc52dda344c5abc34a6f67ab6b2a1,88bbc52dda344c5abc34a6f67ab6b2a1,SSO-Private-0.6-RTP,https://cloud-rtp-1.cisco.com:5000/v3,9ca2d3dd-9445-4e6e-816b-ff11acf27903,sdp6-dev-csco-cloud-k8s-master-2,private,active
f8cdafc8861b4e0ab29362101c9c63ce,88bbc52dda344c5abc34a6f67ab6b2a1,SSO-Private-0.6-RTP,https://cloud-rtp-1.cisco.com:5000/v3,9169b54e-78f5-4a80-81d8-2c83fffbd1d0,CentOS-7-Generic,private,active
785634f33bad4c8caadbb9f5baa796c7,891a5c854e8948dd97f83388ef49ca54,OS-Self-Service-Tool,https://cloud-rtp-1.cisco.com:5000/v3,6f7dd451-d885-4d2f-8e90-0a28fa9d0372,RHEL-7_4-MG,private,active
8bf9b9ebd9ee49daad2a6a3d24c9f6f2,8bf9b9ebd9ee49daad2a6a3d24c9f6f2,eds data discovery,https://cloud-rtp-1.cisco.com:5000/v3,0ce24c30-ccc2-4cd4-96d5-a32be9dedfbc,dgappliance-350-qcow2,private,active
785634f33bad4c8caadbb9f5baa796c7,8f853773eb2c4a4982138443826536a4,CloudDB-Security-RTP,https://cloud-rtp-1.cisco.com:5000/v3,6f7dd451-d885-4d2f-8e90-0a28fa9d0372,RHEL-7_4-MG,private,active
9328d829c16c4e3b9acf90e04845a78d,9328d829c16c4e3b9acf90e04845a78d,RTP build project,https://cloud-rtp-1.cisco.com:5000/v3,5277459c-24db-42f8-a25a-84f065076c35,UBUNTU-18_04-vendorbase,private,active
9328d829c16c4e3b9acf90e04845a78d,9328d829c16c4e3b9acf90e04845a78d,RTP build project,https://cloud-rtp-1.cisco.com:5000/v3,783301c8-5b84-4e78-a167-a21a38396da4,RHEL-7_5_u0-vendorbase,private,active
9328d829c16c4e3b9acf90e04845a78d,9328d829c16c4e3b9acf90e04845a78d,RTP build project,https://cloud-rtp-1.cisco.com:5000/v3,1e262a3f-8d3a-40d6-9698-432b4c954488,RHEL-7_5_u4-vendorbase,private,active
9328d829c16c4e3b9acf90e04845a78d,9328d829c16c4e3b9acf90e04845a78d,RTP build project,https://cloud-rtp-1.cisco.com:5000/v3,4c39b141-319a-4236-a846-ea8acf553111,RHEL-7_5_u3-vendorbase,private,active
9328d829c16c4e3b9acf90e04845a78d,9328d829c16c4e3b9acf90e04845a78d,RTP build project,https://cloud-rtp-1.cisco.com:5000/v3,a3c10944-b830-4b32-a9e9-1234b2f20ced,RHEL-7_5_u1-vendorbase,private,active
9328d829c16c4e3b9acf90e04845a78d,9328d829c16c4e3b9acf90e04845a78d,RTP build project,https://cloud-rtp-1.cisco.com:5000/v3,e071bcef-1c74-4920-8db9-3a95d10fe423,UBUNTU-16_04-ciscobase,private,active
9328d829c16c4e3b9acf90e04845a78d,9328d829c16c4e3b9acf90e04845a78d,RTP build project,https://cloud-rtp-1.cisco.com:5000/v3,4cfb2ac9-59f9-462b-bbaa-95e79d7affff,UBUNTU-16_04-ciscobase,private,active
9328d829c16c4e3b9acf90e04845a78d,9328d829c16c4e3b9acf90e04845a78d,RTP build project,https://cloud-rtp-1.cisco.com:5000/v3,8448a130-4f59-4940-896e-80ab91cccaa9,RHEL-7_6-ciscobase,private,active
9328d829c16c4e3b9acf90e04845a78d,9328d829c16c4e3b9acf90e04845a78d,RTP build project,https://cloud-rtp-1.cisco.com:5000/v3,717ca5a0-880e-4efd-8508-28e197525419,RHEL-7_6-ciscobase,private,active
9328d829c16c4e3b9acf90e04845a78d,9328d829c16c4e3b9acf90e04845a78d,RTP build project,https://cloud-rtp-1.cisco.com:5000/v3,f2b1bf35-c041-486c-9eec-a47c844e77fc,RHEL-7_6-ciscobase,private,active
9328d829c16c4e3b9acf90e04845a78d,9328d829c16c4e3b9acf90e04845a78d,RTP build project,https://cloud-rtp-1.cisco.com:5000/v3,ac4d6e41-8efe-4428-bdf9-3238671ab1a8,RHEL-7_5-selfmg,private,active
9328d829c16c4e3b9acf90e04845a78d,9328d829c16c4e3b9acf90e04845a78d,RTP build project,https://cloud-rtp-1.cisco.com:5000/v3,1655c9fc-2ed5-4e70-bac7-68c73de5715d,RHEL-7_5-selfmg,private,active
9328d829c16c4e3b9acf90e04845a78d,9328d829c16c4e3b9acf90e04845a78d,RTP build project,https://cloud-rtp-1.cisco.com:5000/v3,e297973e-2c91-4172-a60d-5b6d30e36811,RHEL-7_5-ciscobase,private,active
9328d829c16c4e3b9acf90e04845a78d,9328d829c16c4e3b9acf90e04845a78d,RTP build project,https://cloud-rtp-1.cisco.com:5000/v3,7f0edcbb-a6f8-4ca0-944d-b885b466b3d8,RHEL-7_6-vendorbase,private,active
9328d829c16c4e3b9acf90e04845a78d,9328d829c16c4e3b9acf90e04845a78d,RTP build project,https://cloud-rtp-1.cisco.com:5000/v3,23768025-4d97-40a8-9410-4347d907ae80,CentOS-7_1901-vendorbase,private,active
9328d829c16c4e3b9acf90e04845a78d,9328d829c16c4e3b9acf90e04845a78d,RTP build project,https://cloud-rtp-1.cisco.com:5000/v3,1e3c7f1f-c697-4794-8b72-e75b898ea457,RHEL-7_5-ciscobase,private,active
9328d829c16c4e3b9acf90e04845a78d,9328d829c16c4e3b9acf90e04845a78d,RTP build project,https://cloud-rtp-1.cisco.com:5000/v3,89974251-0f78-42c2-aed5-3f38f62ec135,RHEL-7_4-vendorbase,private,active
9328d829c16c4e3b9acf90e04845a78d,9328d829c16c4e3b9acf90e04845a78d,RTP build project,https://cloud-rtp-1.cisco.com:5000/v3,7e432f9a-d5b8-45b5-84eb-ef02b57cbf68,RHEL-7_5-vendorbase,private,active
9328d829c16c4e3b9acf90e04845a78d,9328d829c16c4e3b9acf90e04845a78d,RTP build project,https://cloud-rtp-1.cisco.com:5000/v3,9aac92d0-9cc9-40ce-9c67-4559bb8e4ad8,RHEL-7_5-selfmg,private,active
9328d829c16c4e3b9acf90e04845a78d,9328d829c16c4e3b9acf90e04845a78d,RTP build project,https://cloud-rtp-1.cisco.com:5000/v3,bce5b51b-d639-4904-a220-b1435c70fda9,ubuntu-16_04-vendorbase,private,active
785634f33bad4c8caadbb9f5baa796c7,94bff42d23104dc98377fcf4e8aa86b0,ESGSTG-NPD-RTP,https://cloud-rtp-1.cisco.com:5000/v3,6f7dd451-d885-4d2f-8e90-0a28fa9d0372,RHEL-7_4-MG,private,active
95e28bfe67bc4c59b5bdd1b830967787,95e28bfe67bc4c59b5bdd1b830967787,CICD-POC,https://cloud-rtp-1.cisco.com:5000/v3,84c4ad83-8a27-4500-b4c5-755633180aae,CoDE-xenial-server-cloudimg-amd64-disk1,private,active
95e28bfe67bc4c59b5bdd1b830967787,95e28bfe67bc4c59b5bdd1b830967787,CICD-POC,https://cloud-rtp-1.cisco.com:5000/v3,a25ee13d-f682-45b0-83fb-122c73206dd4,CoDE-CentOS-7-x86_64-GenericCloud-1805,private,active
95e28bfe67bc4c59b5bdd1b830967787,95e28bfe67bc4c59b5bdd1b830967787,CICD-POC,https://cloud-rtp-1.cisco.com:5000/v3,212f58cd-a856-443c-80a1-c29fc898a099,ubuntu-16-04,private,active
785634f33bad4c8caadbb9f5baa796c7,99a1c995dfac44dba374fbd97aead531,DBA-Tesla-Automation-Infrastructure,https://cloud-rtp-1.cisco.com:5000/v3,6f7dd451-d885-4d2f-8e90-0a28fa9d0372,RHEL-7_4-MG,private,active
785634f33bad4c8caadbb9f5baa796c7,99f1f837a8004092926887d46188e726,IAC-Demo,https://cloud-rtp-1.cisco.com:5000/v3,6f7dd451-d885-4d2f-8e90-0a28fa9d0372,RHEL-7_4-MG,private,active
785634f33bad4c8caadbb9f5baa796c7,9a95bba6d9f4439b85d2e4739a8f234d,OPL-Dev,https://cloud-rtp-1.cisco.com:5000/v3,6f7dd451-d885-4d2f-8e90-0a28fa9d0372,RHEL-7_4-MG,private,active
9a95bba6d9f4439b85d2e4739a8f234d,9a95bba6d9f4439b85d2e4739a8f234d,OPL-Dev,https://cloud-rtp-1.cisco.com:5000/v3,51a22637-9d35-4976-bfd6-c04178a2a8ae,snap-opl-eslog-dev-001,private,active
785634f33bad4c8caadbb9f5baa796c7,9fe81fcf5c7143889629dae0fd2fd17e,demo-npd-rtp,https://cloud-rtp-1.cisco.com:5000/v3,6f7dd451-d885-4d2f-8e90-0a28fa9d0372,RHEL-7_4-MG,private,active
a260f264c7eb470690bdcbc3c08fa877,a260f264c7eb470690bdcbc3c08fa877,LTaaS-POC,https://cloud-rtp-1.cisco.com:5000/v3,318a6359-d911-4cca-8204-65a5bb263a79,LTaaS_sw_img,private,active
a260f264c7eb470690bdcbc3c08fa877,a260f264c7eb470690bdcbc3c08fa877,LTaaS-POC,https://cloud-rtp-1.cisco.com:5000/v3,7d8801aa-361c-4ce6-8949-1de5636143e1,PerformanceTesting_Image_Latest,private,active
a260f264c7eb470690bdcbc3c08fa877,a260f264c7eb470690bdcbc3c08fa877,LTaaS-POC,https://cloud-rtp-1.cisco.com:5000/v3,5702383e-0bff-4fbe-9684-b2cb86e278ae,PerformanceTesting_Image,private,active
a46f46882e214a99865b1c08dad6260b,a46f46882e214a99865b1c08dad6260b,EngIT-POC,https://cloud-rtp-1.cisco.com:5000/v3,a9513936-24de-4bdb-946b-65056562227e,centos7-docker-openjdk,private,active
a46f46882e214a99865b1c08dad6260b,a46f46882e214a99865b1c08dad6260b,EngIT-POC,https://cloud-rtp-1.cisco.com:5000/v3,305ebec2-9b68-48ef-8050-93d98bf36c89,base-4k8s-centos7-docker18.06ce,private,active
a46f46882e214a99865b1c08dad6260b,a46f46882e214a99865b1c08dad6260b,EngIT-POC,https://cloud-rtp-1.cisco.com:5000/v3,c2c0d295-be23-48b0-862c-6be2bbe1a987,Centos7.4-Private,private,active
a46f46882e214a99865b1c08dad6260b,a46f46882e214a99865b1c08dad6260b,EngIT-POC,https://cloud-rtp-1.cisco.com:5000/v3,0d942265-e31e-4d9d-bba6-59d378923c6a,BensCentos7.4,private,active
a46f46882e214a99865b1c08dad6260b,a46f46882e214a99865b1c08dad6260b,EngIT-POC,https://cloud-rtp-1.cisco.com:5000/v3,061b5155-026b-490b-916f-b3f2307d276e,BensGlusterK8sClusterMaster,private,active
a46f46882e214a99865b1c08dad6260b,a46f46882e214a99865b1c08dad6260b,EngIT-POC,https://cloud-rtp-1.cisco.com:5000/v3,260bcab9-0b41-4b58-96f4-8523dda06771,am-centos7.5-docker18.06,private,active
a46f46882e214a99865b1c08dad6260b,a46f46882e214a99865b1c08dad6260b,EngIT-POC,https://cloud-rtp-1.cisco.com:5000/v3,d7590db9-4285-4080-8ffd-ccdc775d2508,ectd1,private,active
a5267e538614461486b5e4c94af236a6,a5267e538614461486b5e4c94af236a6,ECE-NPRD,https://cloud-rtp-1.cisco.com:5000/v3,a3768cb2-84a6-46dc-ad63-8885c1ca408c,ece-p-1-snapshot,private,active
a7790159ccf24642a3ffb01d72786732,a7790159ccf24642a3ffb01d72786732,internal-fip-net-devops,https://cloud-rtp-1.cisco.com:5000/v3,e99e5d67-2f8c-4ddb-b5c0-406d0c3e2078,RHEL-7_4-ENG,private,active
a7790159ccf24642a3ffb01d72786732,a7790159ccf24642a3ffb01d72786732,internal-fip-net-devops,https://cloud-rtp-1.cisco.com:5000/v3,80fcce5f-f1d1-4007-8120-c40570ebd1f1,cirros-0.4_virtio-scsi,private,active
785634f33bad4c8caadbb9f5baa796c7,aaf747b91a114a1f827b4e459793786c,AIMPRD-PRD-RTP,https://cloud-rtp-1.cisco.com:5000/v3,6f7dd451-d885-4d2f-8e90-0a28fa9d0372,RHEL-7_4-MG,private,active
ab2a8be79b704e81aeec6b90c2cdfdd0,ab2a8be79b704e81aeec6b90c2cdfdd0,CD-Services,https://cloud-rtp-1.cisco.com:5000/v3,ff84e7d9-d2fe-4c35-9a97-063bd3b5f89b,SnapShotTest,private,active
ab2a8be79b704e81aeec6b90c2cdfdd0,ab2a8be79b704e81aeec6b90c2cdfdd0,CD-Services,https://cloud-rtp-1.cisco.com:5000/v3,bc87902e-f283-44c0-a0e8-0d9b678c7ef5,CoDE-xenial-server-cloudimg-amd64-disk1,private,active
785634f33bad4c8caadbb9f5baa796c7,ab777115b97b403d8b70fe746df82ab7,bgladden-internal-direct-net,https://cloud-rtp-1.cisco.com:5000/v3,6f7dd451-d885-4d2f-8e90-0a28fa9d0372,RHEL-7_4-MG,private,active
b0281e4b917b4536a731565e5655f7e5,b0281e4b917b4536a731565e5655f7e5,US-AS-ATT,https://cloud-rtp-1.cisco.com:5000/v3,d9b52c26-cc11-4a53-8a56-3b7af8d37fee,cps18,private,active
785634f33bad4c8caadbb9f5baa796c7,b5c2d893a44b435c97e75087f278b561,OPL-PRD-APP-RTP,https://cloud-rtp-1.cisco.com:5000/v3,6f7dd451-d885-4d2f-8e90-0a28fa9d0372,RHEL-7_4-MG,private,active
785634f33bad4c8caadbb9f5baa796c7,c010c70283cd42dc9c33e7157a0387ef,EB-LT-RTP,https://cloud-rtp-1.cisco.com:5000/v3,6f7dd451-d885-4d2f-8e90-0a28fa9d0372,RHEL-7_4-MG,private,active
785634f33bad4c8caadbb9f5baa796c7,c260b017e3d24b3a939884ef545930db,mgstg-npd-rtp,https://cloud-rtp-1.cisco.com:5000/v3,6f7dd451-d885-4d2f-8e90-0a28fa9d0372,RHEL-7_4-MG,private,active
785634f33bad4c8caadbb9f5baa796c7,c28a707172c845f0b5f5b8e2c3f6b3a7,opsctr-prd-rtp,https://cloud-rtp-1.cisco.com:5000/v3,6f7dd451-d885-4d2f-8e90-0a28fa9d0372,RHEL-7_4-MG,private,active
785634f33bad4c8caadbb9f5baa796c7,c3c7d2ec2187475f9cbde80fc92b3da2,tagstg-npd-rtp,https://cloud-rtp-1.cisco.com:5000/v3,6f7dd451-d885-4d2f-8e90-0a28fa9d0372,RHEL-7_4-MG,private,active
785634f33bad4c8caadbb9f5baa796c7,c67c004237a144ad82e3b45c51b44faf,CCWPOC-NPD-RTP,https://cloud-rtp-1.cisco.com:5000/v3,6f7dd451-d885-4d2f-8e90-0a28fa9d0372,RHEL-7_4-MG,private,active
785634f33bad4c8caadbb9f5baa796c7,c7c57be790a64fd691a451cd1c66ec37,EPSDEV-NPD-RTP,https://cloud-rtp-1.cisco.com:5000/v3,6f7dd451-d885-4d2f-8e90-0a28fa9d0372,RHEL-7_4-MG,private,active
c8e711ec08454bcfa1f05e1d01e6b91e,c8e711ec08454bcfa1f05e1d01e6b91e,CD-Services-STAGE,https://cloud-rtp-1.cisco.com:5000/v3,5ca77bac-7e27-4ea8-bad8-6db10f17fde7,s3-servmon-snapshot,private,active
c8e711ec08454bcfa1f05e1d01e6b91e,c8e711ec08454bcfa1f05e1d01e6b91e,CD-Services-STAGE,https://cloud-rtp-1.cisco.com:5000/v3,21b6c99f-5f70-4c3d-818a-e762738a11ab,xenial-server-cloudimg-amd64-disk1,private,active
c8e711ec08454bcfa1f05e1d01e6b91e,c8e711ec08454bcfa1f05e1d01e6b91e,CD-Services-STAGE,https://cloud-rtp-1.cisco.com:5000/v3,f2f42c46-eb56-4141-bc2c-2770538961cc,CoDE-xenial-server-cloudimg-amd64-disk1,private,active
785634f33bad4c8caadbb9f5baa796c7,c940f25ccd904ea79732a2da04962cbe,OPL-Stage,https://cloud-rtp-1.cisco.com:5000/v3,6f7dd451-d885-4d2f-8e90-0a28fa9d0372,RHEL-7_4-MG,private,active
785634f33bad4c8caadbb9f5baa796c7,c9c63b2ca4f641b9ac21d0cdd2f011ba,XMLDEV-NPD-RTP,https://cloud-rtp-1.cisco.com:5000/v3,6f7dd451-d885-4d2f-8e90-0a28fa9d0372,RHEL-7_4-MG,private,active
cab99f68b26e4d538be0ebf89836b4a0,cab99f68b26e4d538be0ebf89836b4a0,SSO-Devops,https://cloud-rtp-1.cisco.com:5000/v3,8e04c752-7b1b-4a24-a127-d4d43a00aed4,Container-Linux,private,active
f8cdafc8861b4e0ab29362101c9c63ce,cab99f68b26e4d538be0ebf89836b4a0,SSO-Devops,https://cloud-rtp-1.cisco.com:5000/v3,9169b54e-78f5-4a80-81d8-2c83fffbd1d0,CentOS-7-Generic,private,active
cca2c304398345e589c17f9dab8c92ac,cca2c304398345e589c17f9dab8c92ac,eng-build-cloud-rtp,https://cloud-rtp-1.cisco.com:5000/v3,92164cd2-7442-4479-a179-8a66152adefc,RHEL-7_4-ENG,private,active
cd09271ceb8b4581ad7e645d790a0b48,cd09271ceb8b4581ad7e645d790a0b48,platform3-demo-app,https://cloud-rtp-1.cisco.com:5000/v3,f2bc0761-b109-408d-b1fc-424554415fba,managed_image,private,active
cd09271ceb8b4581ad7e645d790a0b48,cd09271ceb8b4581ad7e645d790a0b48,platform3-demo-app,https://cloud-rtp-1.cisco.com:5000/v3,09e1976b-916d-4d00-b244-49c00a58ea94,managed_image-OLD-20180816-103934,private,active
380bff38e6e44de49b252694f7b5abe9,cd09271ceb8b4581ad7e645d790a0b48,platform3-demo-app,https://cloud-rtp-1.cisco.com:5000/v3,489bdf10-c5b3-4675-8495-ee1dd423788a,RHEL7-SELFMG-SB,private,active
cd09271ceb8b4581ad7e645d790a0b48,cd09271ceb8b4581ad7e645d790a0b48,platform3-demo-app,https://cloud-rtp-1.cisco.com:5000/v3,a9cf6368-1568-4483-91b7-a20b559c11b2,Demo-App-CentOS-7,private,active
cd09271ceb8b4581ad7e645d790a0b48,cd09271ceb8b4581ad7e645d790a0b48,platform3-demo-app,https://cloud-rtp-1.cisco.com:5000/v3,3667ce81-a523-4df8-a40f-f11734c025b4,Demo-App-CentOS-7-OLD-20180605-034248,private,active
cd09271ceb8b4581ad7e645d790a0b48,cd09271ceb8b4581ad7e645d790a0b48,platform3-demo-app,https://cloud-rtp-1.cisco.com:5000/v3,5f3ca91b-9e26-4e64-928f-2bbfbb688d9b,Demo-App-CentOS-7-OLD-20180603-061931,private,active
cd09271ceb8b4581ad7e645d790a0b48,cd09271ceb8b4581ad7e645d790a0b48,platform3-demo-app,https://cloud-rtp-1.cisco.com:5000/v3,28bfae5c-0cac-4481-b334-0304ea933875,Demo-App-CentOS-7-OLD-20180324-150836,private,active
785634f33bad4c8caadbb9f5baa796c7,d2d6aef3e4f2427f8d2df9f2948ec6f8,ESGNST-NPD-RTP,https://cloud-rtp-1.cisco.com:5000/v3,6f7dd451-d885-4d2f-8e90-0a28fa9d0372,RHEL-7_4-MG,private,active
785634f33bad4c8caadbb9f5baa796c7,d3155d670da343598a41119a3ae751c8,FINSSE-NPD-RTP,https://cloud-rtp-1.cisco.com:5000/v3,6f7dd451-d885-4d2f-8e90-0a28fa9d0372,RHEL-7_4-MG,private,active
785634f33bad4c8caadbb9f5baa796c7,d377eb66d59e42c79ff58215129f9080,MMPRD-PRD-RTP,https://cloud-rtp-1.cisco.com:5000/v3,6f7dd451-d885-4d2f-8e90-0a28fa9d0372,RHEL-7_4-MG,private,active
785634f33bad4c8caadbb9f5baa796c7,d82a040f0fd84b789fc269813b0c7bfc,ITS-TEST-RTP,https://cloud-rtp-1.cisco.com:5000/v3,6f7dd451-d885-4d2f-8e90-0a28fa9d0372,RHEL-7_4-MG,private,active
d86c865ec79e4e8bb37ed67c22b9a6af,d86c865ec79e4e8bb37ed67c22b9a6af,EPS-ADMIN-RTP,https://cloud-rtp-1.cisco.com:5000/v3,86f884a9-324b-4282-bade-a6081b384b31,coreos,private,active
785634f33bad4c8caadbb9f5baa796c7,d96d2a91d09b4c3e93d9062b38dc2e7f,tagdev-npd-rtp,https://cloud-rtp-1.cisco.com:5000/v3,6f7dd451-d885-4d2f-8e90-0a28fa9d0372,RHEL-7_4-MG,private,active
785634f33bad4c8caadbb9f5baa796c7,dab9523e1ef644698edd91b25d0e1b6c,IMCSTG-NPD-RTP,https://cloud-rtp-1.cisco.com:5000/v3,6f7dd451-d885-4d2f-8e90-0a28fa9d0372,RHEL-7_4-MG,private,active
e0eb764a434d49268c1f2f59f88d5d18,e0eb764a434d49268c1f2f59f88d5d18,CoDE-Playground,https://cloud-rtp-1.cisco.com:5000/v3,c42c0c94-3dfb-4c82-a341-ba8f3d2a56e3,CoDE-xenial-server-cloudimg-amd64-disk1,private,active
e378759301ed41c1925b6be17ffaaf06,e378759301ed41c1925b6be17ffaaf06,openstack-qa-tenant-1,https://cloud-rtp-1.cisco.com:5000/v3,d8160899-0e7e-463d-b6a8-b1615699a016,sanity_cirros,private,active
785634f33bad4c8caadbb9f5baa796c7,f082fc393b44408397ebb9eedf487b5d,GDPSTG-NPD-RTP,https://cloud-rtp-1.cisco.com:5000/v3,6f7dd451-d885-4d2f-8e90-0a28fa9d0372,RHEL-7_4-MG,private,active
785634f33bad4c8caadbb9f5baa796c7,f1facc74fe854834ad388152ff02678e,ESGNDV-NPD-RTP,https://cloud-rtp-1.cisco.com:5000/v3,6f7dd451-d885-4d2f-8e90-0a28fa9d0372,RHEL-7_4-MG,private,active
f8cdafc8861b4e0ab29362101c9c63ce,f43981d874714835ad3557bab511d000,SSO-HONJO-PROD,https://cloud-rtp-1.cisco.com:5000/v3,9169b54e-78f5-4a80-81d8-2c83fffbd1d0,CentOS-7-Generic,private,active
785634f33bad4c8caadbb9f5baa796c7,f4fd06f574ff4e518834edd3f754632d,MMDEV-NPD-RTP,https://cloud-rtp-1.cisco.com:5000/v3,6f7dd451-d885-4d2f-8e90-0a28fa9d0372,RHEL-7_4-MG,private,active
785634f33bad4c8caadbb9f5baa796c7,f534abf759a749e593607dcee458b6ce,IMCPRD-PRD-RTP,https://cloud-rtp-1.cisco.com:5000/v3,6f7dd451-d885-4d2f-8e90-0a28fa9d0372,RHEL-7_4-MG,private,active
785634f33bad4c8caadbb9f5baa796c7,f67fc909e0364b58bd9ee8c16ce7ec65,OPL-PRD-DB-RTP,https://cloud-rtp-1.cisco.com:5000/v3,6f7dd451-d885-4d2f-8e90-0a28fa9d0372,RHEL-7_4-MG,private,active
785634f33bad4c8caadbb9f5baa796c7,ff2ad64adc61444593911f0e43bbff1c,slrrwd-npd-rtp,https://cloud-rtp-1.cisco.com:5000/v3,6f7dd451-d885-4d2f-8e90-0a28fa9d0372,RHEL-7_4-MG,private,active
0061fb4b0dc74279afe53829e6538ce8,0061fb4b0dc74279afe53829e6538ce8,CoDE-Playground,https://cloud-rcdn-1.cisco.com:5000/v3,c1211286-7205-4118-af83-0cb82439b65d,CoDE-xenial-server-cloudimg-amd64-disk1,private,active
1b5db01395f4431eb44f5fc75cffde6a,03ddb27ca9284d46aed276593b310b80,OPSMGR-NPD-RCDN,https://cloud-rcdn-1.cisco.com:5000/v3,020d09b6-b3c9-4704-97bf-44335ecf22f6,RHEL-7_4-MG,private,active
1b5db01395f4431eb44f5fc75cffde6a,08da71178fd144679c81947bdcf6f212,OPLTS3-NPD-RCDN,https://cloud-rcdn-1.cisco.com:5000/v3,020d09b6-b3c9-4704-97bf-44335ecf22f6,RHEL-7_4-MG,private,active
1b5db01395f4431eb44f5fc75cffde6a,0a95d2300e82420080530f421ac5cc86,casapp-npd-rcdn,https://cloud-rcdn-1.cisco.com:5000/v3,020d09b6-b3c9-4704-97bf-44335ecf22f6,RHEL-7_4-MG,private,active
1b5db01395f4431eb44f5fc75cffde6a,0f6bd67856c04dd4b1a09d5a04abb20e,ESGPRD-PRD-RCDN,https://cloud-rcdn-1.cisco.com:5000/v3,020d09b6-b3c9-4704-97bf-44335ecf22f6,RHEL-7_4-MG,private,active
1b5db01395f4431eb44f5fc75cffde6a,12d9ce7f38e94b4691475caff284aa1e,tagdev-npd-rcdn,https://cloud-rcdn-1.cisco.com:5000/v3,020d09b6-b3c9-4704-97bf-44335ecf22f6,RHEL-7_4-MG,private,active
1329ebbc1b9646b890202384beaef2ec,1329ebbc1b9646b890202384beaef2ec,Phuoc,https://cloud-rcdn-1.cisco.com:5000/v3,98c4a99d-38df-4b28-9c80-b93dc88ae536,snapshot_csb_vm3,private,active
1329ebbc1b9646b890202384beaef2ec,1329ebbc1b9646b890202384beaef2ec,Phuoc,https://cloud-rcdn-1.cisco.com:5000/v3,a52500a5-206c-4e10-b46a-9a5aa9627832,test_image,private,active
1b5db01395f4431eb44f5fc75cffde6a,165b3768bc5f4c4aa0b9eaa80c50d1b8,opl-prd-db-rcdn,https://cloud-rcdn-1.cisco.com:5000/v3,020d09b6-b3c9-4704-97bf-44335ecf22f6,RHEL-7_4-MG,private,active
1b5db01395f4431eb44f5fc75cffde6a,1a3339f2af0442eaaac247e406eb70cf,CDB-AUT-RCDN,https://cloud-rcdn-1.cisco.com:5000/v3,020d09b6-b3c9-4704-97bf-44335ecf22f6,RHEL-7_4-MG,private,active
1b2050626b074f6c9e53967c58ead93e,1b2050626b074f6c9e53967c58ead93e,STO Ops,https://cloud-rcdn-1.cisco.com:5000/v3,a102efd2-d9b6-48ea-b21b-3c7896cfb05f,win10-reg-20190221-1,private,active
1b2050626b074f6c9e53967c58ead93e,1b2050626b074f6c9e53967c58ead93e,STO Ops,https://cloud-rcdn-1.cisco.com:5000/v3,2ca4c3e0-86e6-424a-a76a-7d7bd5e71e97,freebsd-c3m-20190213-1,private,active
1b2050626b074f6c9e53967c58ead93e,1b2050626b074f6c9e53967c58ead93e,STO Ops,https://cloud-rcdn-1.cisco.com:5000/v3,74ae0310-1b07-44a7-8319-cd1bd3df8d37,freebsd-c3m-20190212-3,private,active
1b2050626b074f6c9e53967c58ead93e,1b2050626b074f6c9e53967c58ead93e,STO Ops,https://cloud-rcdn-1.cisco.com:5000/v3,3125c567-73dc-4512-8642-a9784c99202e,ubuntu16.04-reg-20190212-1,private,active
1b2050626b074f6c9e53967c58ead93e,1b2050626b074f6c9e53967c58ead93e,STO Ops,https://cloud-rcdn-1.cisco.com:5000/v3,2742dc6a-0774-405e-83f3-3ccb15fb7a43,ubuntu16.04-reg-20190211-1,private,active
1b2050626b074f6c9e53967c58ead93e,1b2050626b074f6c9e53967c58ead93e,STO Ops,https://cloud-rcdn-1.cisco.com:5000/v3,95328abc-f264-4133-9e5c-5e8ea5a2d248,FreeBSD-11.2-CORE,private,active
1b2050626b074f6c9e53967c58ead93e,1b2050626b074f6c9e53967c58ead93e,STO Ops,https://cloud-rcdn-1.cisco.com:5000/v3,82465ab3-a825-4aa3-b2e4-66e53aaf081b,centos7-c3m-20190206-2,private,active
1b2050626b074f6c9e53967c58ead93e,1b2050626b074f6c9e53967c58ead93e,STO Ops,https://cloud-rcdn-1.cisco.com:5000/v3,b621bb50-59bb-41ee-a4f6-2f6729578e57,centos7-c3m-20190206-1,private,active
1b2050626b074f6c9e53967c58ead93e,1b2050626b074f6c9e53967c58ead93e,STO Ops,https://cloud-rcdn-1.cisco.com:5000/v3,b5cc7d62-a80a-4870-924f-5f744991b1a8,ubuntu16.04-reg-20190130-1,private,active
1b2050626b074f6c9e53967c58ead93e,1b2050626b074f6c9e53967c58ead93e,STO Ops,https://cloud-rcdn-1.cisco.com:5000/v3,bc434940-5f46-4373-a759-cc929f854f7e,ubuntu18.04-ansible,private,active
1b2050626b074f6c9e53967c58ead93e,1b2050626b074f6c9e53967c58ead93e,STO Ops,https://cloud-rcdn-1.cisco.com:5000/v3,14997669-a616-4bde-b9a1-e1069988e51b,windows-10-ansible,private,active
1b2050626b074f6c9e53967c58ead93e,1b2050626b074f6c9e53967c58ead93e,STO Ops,https://cloud-rcdn-1.cisco.com:5000/v3,ed96c77e-455c-4425-870a-514db4b70cdc,WINDOWS-10-CORE,private,active
1b2050626b074f6c9e53967c58ead93e,1b2050626b074f6c9e53967c58ead93e,STO Ops,https://cloud-rcdn-1.cisco.com:5000/v3,84da8bc8-9267-4d4d-afba-c9c3e9dea6a7,ubuntu16.04-ansible-20190104-1,private,active
1b2050626b074f6c9e53967c58ead93e,1b2050626b074f6c9e53967c58ead93e,STO Ops,https://cloud-rcdn-1.cisco.com:5000/v3,f810f467-4c86-4061-92ce-c95b37c7345a,ubuntu16.04-ansible,private,active
1b2050626b074f6c9e53967c58ead93e,1b2050626b074f6c9e53967c58ead93e,STO Ops,https://cloud-rcdn-1.cisco.com:5000/v3,3eda7c0f-2ce1-423d-ac79-9cbbca952729,UBUNTU-16.04-CORE-20180504-PLEASE_DO_NOT_RENAME_MANUALLY,private,active
21221f19e4634ffcbafaa4ca93168f28,21221f19e4634ffcbafaa4ca93168f28,ITPE-PROD-RCDN,https://cloud-rcdn-1.cisco.com:5000/v3,291e87f4-b873-48d4-9078-f112901c1baa,iac-test3-before-agent-run,private,active
21221f19e4634ffcbafaa4ca93168f28,21221f19e4634ffcbafaa4ca93168f28,ITPE-PROD-RCDN,https://cloud-rcdn-1.cisco.com:5000/v3,e00e47aa-a58f-4b38-8b67-ad813e4ac638,working-before-resize,private,active
1b5db01395f4431eb44f5fc75cffde6a,21221f19e4634ffcbafaa4ca93168f28,ITPE-PROD-RCDN,https://cloud-rcdn-1.cisco.com:5000/v3,020d09b6-b3c9-4704-97bf-44335ecf22f6,RHEL-7_4-MG,private,active
1b5db01395f4431eb44f5fc75cffde6a,22a4b920bc5c4caf836db57c2c769719,Oracle18c-poc-rcdn,https://cloud-rcdn-1.cisco.com:5000/v3,020d09b6-b3c9-4704-97bf-44335ecf22f6,RHEL-7_4-MG,private,active
1b5db01395f4431eb44f5fc75cffde6a,22c13357b97d4cd897675aeaa8c16bd8,lgldev-npd-rcdn,https://cloud-rcdn-1.cisco.com:5000/v3,020d09b6-b3c9-4704-97bf-44335ecf22f6,RHEL-7_4-MG,private,active
24cd948b7dcd4b89a7a68a7b7ab3e301,24cd948b7dcd4b89a7a68a7b7ab3e301,Action Orchestrator BETA- IT Dev,https://cloud-rcdn-1.cisco.com:5000/v3,ebb4ba8c-3ec4-42b1-bdfd-a5d3c6d89ac0,ao-installer-praghav-948,private,active
24cd948b7dcd4b89a7a68a7b7ab3e301,24cd948b7dcd4b89a7a68a7b7ab3e301,Action Orchestrator BETA- IT Dev,https://cloud-rcdn-1.cisco.com:5000/v3,ad9768b8-a89d-4932-ae87-47c022580e80,ao-installer-praghav-937,private,active
1b5db01395f4431eb44f5fc75cffde6a,25cde7121b504d68aad92b44cb3eb5f1,DBA-TESLA-AUTOMATION-INFRASTRUCTURE-RCDN,https://cloud-rcdn-1.cisco.com:5000/v3,020d09b6-b3c9-4704-97bf-44335ecf22f6,RHEL-7_4-MG,private,active
1b5db01395f4431eb44f5fc75cffde6a,2fa2619db6334a6d8e7d6620d77c42aa,demo-npd-rcdn,https://cloud-rcdn-1.cisco.com:5000/v3,020d09b6-b3c9-4704-97bf-44335ecf22f6,RHEL-7_4-MG,private,active
1b5db01395f4431eb44f5fc75cffde6a,3583bfea324f4e4e89075948d749ddd0,mgprod-prd-rcdn,https://cloud-rcdn-1.cisco.com:5000/v3,020d09b6-b3c9-4704-97bf-44335ecf22f6,RHEL-7_4-MG,private,active
1b5db01395f4431eb44f5fc75cffde6a,3ac7d92892644a78a3e1bc0b188e6940,lglprd-prd-rcdn,https://cloud-rcdn-1.cisco.com:5000/v3,020d09b6-b3c9-4704-97bf-44335ecf22f6,RHEL-7_4-MG,private,active
1b5db01395f4431eb44f5fc75cffde6a,3c08da09825d43dfa24170c80676656e,ESGNDV-NPD-RCDN,https://cloud-rcdn-1.cisco.com:5000/v3,020d09b6-b3c9-4704-97bf-44335ecf22f6,RHEL-7_4-MG,private,active
1b5db01395f4431eb44f5fc75cffde6a,3dbc38c69c1d4cfe8e5f1959c8741579,XMLDEV-NPD-RCDN,https://cloud-rcdn-1.cisco.com:5000/v3,020d09b6-b3c9-4704-97bf-44335ecf22f6,RHEL-7_4-MG,private,active
1b5db01395f4431eb44f5fc75cffde6a,47ef1aebe8694b3ab64fb10f10e1f28b,ESGNPD-PRD-RCDN,https://cloud-rcdn-1.cisco.com:5000/v3,020d09b6-b3c9-4704-97bf-44335ecf22f6,RHEL-7_4-MG,private,active
1b5db01395f4431eb44f5fc75cffde6a,4dddda2522814b09a3730fc6966fc9a7,AIMSTG-NPD-RCDN,https://cloud-rcdn-1.cisco.com:5000/v3,020d09b6-b3c9-4704-97bf-44335ecf22f6,RHEL-7_4-MG,private,active
1b5db01395f4431eb44f5fc75cffde6a,4f1bc60e82374224b79b9cb1c0fc168f,embstg-npd-rcdn,https://cloud-rcdn-1.cisco.com:5000/v3,020d09b6-b3c9-4704-97bf-44335ecf22f6,RHEL-7_4-MG,private,active
51b13f282e1b4f3caa6a22884919a26a,51b13f282e1b4f3caa6a22884919a26a,CD-Services-STAGE,https://cloud-rcdn-1.cisco.com:5000/v3,d47294e9-1b55-4ab8-9790-c46a810ce537,CoDE-xenial-server-cloudimg-amd64-disk1,private,active
1b5db01395f4431eb44f5fc75cffde6a,56ec4929689f4d628ac1fe59b8556583,tagstg-npd-rcdn,https://cloud-rcdn-1.cisco.com:5000/v3,020d09b6-b3c9-4704-97bf-44335ecf22f6,RHEL-7_4-MG,private,active
1b5db01395f4431eb44f5fc75cffde6a,58573e93cee948138005cb23a99dde3c,GDPPRD-PRD-RCDN,https://cloud-rcdn-1.cisco.com:5000/v3,020d09b6-b3c9-4704-97bf-44335ecf22f6,RHEL-7_4-MG,private,active
61e58852eb13471b81d65081c30f9533,61e58852eb13471b81d65081c30f9533,Actions Orchestrator IT-Dev,https://cloud-rcdn-1.cisco.com:5000/v3,4ad267ec-99a1-42ef-a24d-2cfbfb9d2626,ao-installer-praghav-948,private,active
61e58852eb13471b81d65081c30f9533,61e58852eb13471b81d65081c30f9533,Actions Orchestrator IT-Dev,https://cloud-rcdn-1.cisco.com:5000/v3,9ac4875b-4ee3-43c1-962f-63eef2e1e78b,ao-installer-shaun,private,active
1b5db01395f4431eb44f5fc75cffde6a,61eab487120a4c3b8a096b7fa0123c0c,CDFPOC-NPD-RCDN,https://cloud-rcdn-1.cisco.com:5000/v3,020d09b6-b3c9-4704-97bf-44335ecf22f6,RHEL-7_4-MG,private,active
1b5db01395f4431eb44f5fc75cffde6a,644227816afb46e5bad878112f198f6a,MMPRD-PRD-RCDN,https://cloud-rcdn-1.cisco.com:5000/v3,020d09b6-b3c9-4704-97bf-44335ecf22f6,RHEL-7_4-MG,private,active
65274be6d0dd4e7cbec6302c66679180,65274be6d0dd4e7cbec6302c66679180,cnaap-rcdn-001,https://cloud-rcdn-1.cisco.com:5000/v3,c4a4f25e-4eec-4f49-bab6-e16d1af0e991,cnaap-rcdn-001-b_01-18-2019,private,active
65274be6d0dd4e7cbec6302c66679180,65274be6d0dd4e7cbec6302c66679180,cnaap-rcdn-001,https://cloud-rcdn-1.cisco.com:5000/v3,d32df2dd-98c8-409e-9346-b9f9de1486a4,cnaap-rcdn-001-a_01-18-2019,private,active
65274be6d0dd4e7cbec6302c66679180,65274be6d0dd4e7cbec6302c66679180,cnaap-rcdn-001,https://cloud-rcdn-1.cisco.com:5000/v3,993e9293-9ba7-4e88-a3d0-76aa060acd64,cnaap-rcdn-001-a_27-11-2018,private,active
65274be6d0dd4e7cbec6302c66679180,65274be6d0dd4e7cbec6302c66679180,cnaap-rcdn-001,https://cloud-rcdn-1.cisco.com:5000/v3,7022e2ce-6e1a-439b-81d4-138695369ddb,cnaap-rcdn-001-b_27-11-2018,private,active
1b5db01395f4431eb44f5fc75cffde6a,68c9e2848c36453c829d3e262224b53b,OPL-PRD-APP-RCDN,https://cloud-rcdn-1.cisco.com:5000/v3,020d09b6-b3c9-4704-97bf-44335ecf22f6,RHEL-7_4-MG,private,active
1b5db01395f4431eb44f5fc75cffde6a,6c86c4acb8d24795b7080eab472fb3e7,IMCSTG-NPD-RCDN,https://cloud-rcdn-1.cisco.com:5000/v3,020d09b6-b3c9-4704-97bf-44335ecf22f6,RHEL-7_4-MG,private,active
1b5db01395f4431eb44f5fc75cffde6a,6df933eef43e4e67a274700e10bdf962,ESGDEV-NPD-RCDN,https://cloud-rcdn-1.cisco.com:5000/v3,020d09b6-b3c9-4704-97bf-44335ecf22f6,RHEL-7_4-MG,private,active
1b5db01395f4431eb44f5fc75cffde6a,70969620e11943178dcfe793376966ee,terraform-automation,https://cloud-rcdn-1.cisco.com:5000/v3,020d09b6-b3c9-4704-97bf-44335ecf22f6,RHEL-7_4-MG,private,active
1b5db01395f4431eb44f5fc75cffde6a,7508e7c0282d4d618c5355c924b31719,ESGNST-NPD-RCDN,https://cloud-rcdn-1.cisco.com:5000/v3,020d09b6-b3c9-4704-97bf-44335ecf22f6,RHEL-7_4-MG,private,active
1b5db01395f4431eb44f5fc75cffde6a,7b39759080924d609f9151444c9f81dc,EB-PRD-RCDN,https://cloud-rcdn-1.cisco.com:5000/v3,020d09b6-b3c9-4704-97bf-44335ecf22f6,RHEL-7_4-MG,private,active
1b5db01395f4431eb44f5fc75cffde6a,80b7a959573549a9a457da359a425ae7,FINSSE-PRD-RCDN,https://cloud-rcdn-1.cisco.com:5000/v3,020d09b6-b3c9-4704-97bf-44335ecf22f6,RHEL-7_4-MG,private,active
81694ee3e5994022bdcb3f3bcce36903,81694ee3e5994022bdcb3f3bcce36903,centos7,https://cloud-rcdn-1.cisco.com:5000/v3,6dc0c0e1-fa48-4dbd-90e6-2f004cd07803,centos7-docker-built,private,active
857b18e1533a4bbba25dac08da6bc97e,857b18e1533a4bbba25dac08da6bc97e,gmeo,https://cloud-rcdn-1.cisco.com:5000/v3,b25130c2-689f-4441-9e35-3929ad38ccb5,w10desktop,private,active
894f4ecd46b64e73a7f0fc2d8a118df4,894f4ecd46b64e73a7f0fc2d8a118df4,internal-fip-net-devops,https://cloud-rcdn-1.cisco.com:5000/v3,df388c9e-90cd-4274-a9a1-c4054b8d0e0b,cirros-0.4.0,private,active
1b5db01395f4431eb44f5fc75cffde6a,898c100c41864e978bc56db9c26c636d,CCWPOC-NPD-RCDN,https://cloud-rcdn-1.cisco.com:5000/v3,020d09b6-b3c9-4704-97bf-44335ecf22f6,RHEL-7_4-MG,private,active
1b5db01395f4431eb44f5fc75cffde6a,8dc74a91be5f4cbeb363c5c7176024bc,IMCDEV-NPD-RCDN,https://cloud-rcdn-1.cisco.com:5000/v3,020d09b6-b3c9-4704-97bf-44335ecf22f6,RHEL-7_4-MG,private,active
1b5db01395f4431eb44f5fc75cffde6a,94860363c6c04c9eae97609d5d9cea88,embdev-npd-rcdn,https://cloud-rcdn-1.cisco.com:5000/v3,020d09b6-b3c9-4704-97bf-44335ecf22f6,RHEL-7_4-MG,private,active
1b5db01395f4431eb44f5fc75cffde6a,a0e976b7b666429088ae97f2d9a13fad,slrrwd-prd-rcdn,https://cloud-rcdn-1.cisco.com:5000/v3,020d09b6-b3c9-4704-97bf-44335ecf22f6,RHEL-7_4-MG,private,active
1b5db01395f4431eb44f5fc75cffde6a,ad00f80b441a4e52b49a646b3d628d40,mgstg-npd-rcdn,https://cloud-rcdn-1.cisco.com:5000/v3,020d09b6-b3c9-4704-97bf-44335ecf22f6,RHEL-7_4-MG,private,active
1b5db01395f4431eb44f5fc75cffde6a,aeae812765724162bbb88c58dae22dc6,CDFPOC-APP-RCDN,https://cloud-rcdn-1.cisco.com:5000/v3,020d09b6-b3c9-4704-97bf-44335ecf22f6,RHEL-7_4-MG,private,active
1b5db01395f4431eb44f5fc75cffde6a,b26ee9e055784b3aa9d88448751895cd,tagprd-prd-rcdn,https://cloud-rcdn-1.cisco.com:5000/v3,020d09b6-b3c9-4704-97bf-44335ecf22f6,RHEL-7_4-MG,private,active
1b5db01395f4431eb44f5fc75cffde6a,b435cf5439704c7086ed7630ee9e0d52,IMCPRD-PRD-RCDN,https://cloud-rcdn-1.cisco.com:5000/v3,020d09b6-b3c9-4704-97bf-44335ecf22f6,RHEL-7_4-MG,private,active
1b5db01395f4431eb44f5fc75cffde6a,bb6df4ae08d34015be50e4d09be8f0f6,SCISTG-NPD-RCDN,https://cloud-rcdn-1.cisco.com:5000/v3,020d09b6-b3c9-4704-97bf-44335ecf22f6,RHEL-7_4-MG,private,active
1b5db01395f4431eb44f5fc75cffde6a,c3f2747d1c3341a79673cd878a8e416b,GDPSTG-NPD-RCDN,https://cloud-rcdn-1.cisco.com:5000/v3,020d09b6-b3c9-4704-97bf-44335ecf22f6,RHEL-7_4-MG,private,active
c50bf7e8978243a2b1adedc8f4f5397f,c50bf7e8978243a2b1adedc8f4f5397f,internal-direct-net-devops,https://cloud-rcdn-1.cisco.com:5000/v3,70785b00-de67-4115-afdc-7c2dedbc7f35,Aurora-CEL6.20-3,private,active
c50bf7e8978243a2b1adedc8f4f5397f,c50bf7e8978243a2b1adedc8f4f5397f,internal-direct-net-devops,https://cloud-rcdn-1.cisco.com:5000/v3,01132652-d616-4193-9d7e-65c624a02a72,RHEL-7_4-ENG,private,active
c50bf7e8978243a2b1adedc8f4f5397f,c50bf7e8978243a2b1adedc8f4f5397f,internal-direct-net-devops,https://cloud-rcdn-1.cisco.com:5000/v3,5caa43e6-2f89-4e8e-b0a7-88c94503e456,cirros-0.4,private,active
1b5db01395f4431eb44f5fc75cffde6a,cb10da5803174ae585fb95623b44ed93,drsdev-npd-rcdn,https://cloud-rcdn-1.cisco.com:5000/v3,020d09b6-b3c9-4704-97bf-44335ecf22f6,RHEL-7_4-MG,private,active
1b5db01395f4431eb44f5fc75cffde6a,ccb7e9022e4d4913b8102e0cf9357cc1,MMSTG-NPD-RCDN,https://cloud-rcdn-1.cisco.com:5000/v3,020d09b6-b3c9-4704-97bf-44335ecf22f6,RHEL-7_4-MG,private,active
d121e3aad5424505a91ffa3f25acb04d,d121e3aad5424505a91ffa3f25acb04d,openstack-qa-tenant-1,https://cloud-rcdn-1.cisco.com:5000/v3,4c102fe8-8aac-46a4-9ffe-53bf036c5834,s_rally_6ca22fa7_tkzRxWIy,private,active
d121e3aad5424505a91ffa3f25acb04d,d121e3aad5424505a91ffa3f25acb04d,openstack-qa-tenant-1,https://cloud-rcdn-1.cisco.com:5000/v3,1ed7ba78-f71e-4954-8554-3e72ae3c07f4,s_rally_6ca22fa7_G599l8zy,private,active
d121e3aad5424505a91ffa3f25acb04d,d121e3aad5424505a91ffa3f25acb04d,openstack-qa-tenant-1,https://cloud-rcdn-1.cisco.com:5000/v3,16bd679c-69d7-41ee-99e2-14f2aceb290e,s_rally_6ca22fa7_BJSWKdKK,private,active
d121e3aad5424505a91ffa3f25acb04d,d121e3aad5424505a91ffa3f25acb04d,openstack-qa-tenant-1,https://cloud-rcdn-1.cisco.com:5000/v3,1098283d-9781-4822-a4ce-b37a150d5cb0,s_rally_6ca22fa7_ITJVNONK,private,active
d121e3aad5424505a91ffa3f25acb04d,d121e3aad5424505a91ffa3f25acb04d,openstack-qa-tenant-1,https://cloud-rcdn-1.cisco.com:5000/v3,093497db-af47-4ff3-a19a-1d86277ca649,s_rally_6ca22fa7_8GTpwCXF,private,active
d121e3aad5424505a91ffa3f25acb04d,d121e3aad5424505a91ffa3f25acb04d,openstack-qa-tenant-1,https://cloud-rcdn-1.cisco.com:5000/v3,21136d2c-f60b-4096-9dee-38c6ccc463e0,sanity_cirros,private,active
d48d8965c02d4701a634c5efe6def4c9,d48d8965c02d4701a634c5efe6def4c9,Actions Orchestrator Dev,https://cloud-rcdn-1.cisco.com:5000/v3,e0556aac-c22f-4f23-aa9e-304af8d6842c,ao-installer-new,private,queued
d48d8965c02d4701a634c5efe6def4c9,d48d8965c02d4701a634c5efe6def4c9,Actions Orchestrator Dev,https://cloud-rcdn-1.cisco.com:5000/v3,b438b008-08f4-44e8-b40a-036db894122f,ao-installer-new,private,queued
d48d8965c02d4701a634c5efe6def4c9,d48d8965c02d4701a634c5efe6def4c9,Actions Orchestrator Dev,https://cloud-rcdn-1.cisco.com:5000/v3,9bf8dfab-795a-4032-86d2-c951d07425ca,ao_installer,private,active
1b5db01395f4431eb44f5fc75cffde6a,dae879d2d3cc4e118bb6e7016391aa84,SCIPRD-PRD-RCDN,https://cloud-rcdn-1.cisco.com:5000/v3,020d09b6-b3c9-4704-97bf-44335ecf22f6,RHEL-7_4-MG,private,active
1b5db01395f4431eb44f5fc75cffde6a,dce58d1d8eda46e89c0a53263e39259b,ESGSTG-NPD-RCDN,https://cloud-rcdn-1.cisco.com:5000/v3,020d09b6-b3c9-4704-97bf-44335ecf22f6,RHEL-7_4-MG,private,active
df5b142820c740fb8f785232c69ac7d4,df5b142820c740fb8f785232c69ac7d4,Impact Platform,https://cloud-rcdn-1.cisco.com:5000/v3,ac416f42-f56c-4f47-95f9-9dc9337fb1d9,Windows Server 2012 Std Eval,private,active
df5b142820c740fb8f785232c69ac7d4,df5b142820c740fb8f785232c69ac7d4,Impact Platform,https://cloud-rcdn-1.cisco.com:5000/v3,9d406160-a2ec-40bf-a420-8b57aba81b6e,WIN-2012-CLOUDBASE,private,active
e2367846feea46228dcb4c7f4ba6b1dc,e2367846feea46228dcb4c7f4ba6b1dc,gslb-rcdn,https://cloud-rcdn-1.cisco.com:5000/v3,f0fd87f3-b569-40e8-9b5d-a8f33a882374,controller-17.2.14-9128,private,active
e2367846feea46228dcb4c7f4ba6b1dc,e2367846feea46228dcb4c7f4ba6b1dc,gslb-rcdn,https://cloud-rcdn-1.cisco.com:5000/v3,ecec6d28-e571-44a3-9e18-946f15afd5af,Avi-SE-17.2.13-9168-cloud-0037d703-edb4-4599-b86c-5d9df1840fe0-cluster-54b35411-9015-4d79-91ae-c87c6de62e20,private,active
e2367846feea46228dcb4c7f4ba6b1dc,e2367846feea46228dcb4c7f4ba6b1dc,gslb-rcdn,https://cloud-rcdn-1.cisco.com:5000/v3,86a4eca6-8056-46aa-9c1d-7fdc25ca0a4a,controller-17.2.13-9168,private,active
1b5db01395f4431eb44f5fc75cffde6a,e250176d0dc6416a8ac776aae26b3efc,lglstg-npd-rcdn,https://cloud-rcdn-1.cisco.com:5000/v3,020d09b6-b3c9-4704-97bf-44335ecf22f6,RHEL-7_4-MG,private,active
1b5db01395f4431eb44f5fc75cffde6a,e31e09b6792149eba9c7e354194505eb,opl-lt-db-rcdn,https://cloud-rcdn-1.cisco.com:5000/v3,020d09b6-b3c9-4704-97bf-44335ecf22f6,RHEL-7_4-MG,private,active
e5e8435a523d43e6bbed40715c228cde,e5e8435a523d43e6bbed40715c228cde,eng-build-cloud-rcdn,https://cloud-rcdn-1.cisco.com:5000/v3,8d098832-ef58-45ad-9c9b-0fb6ee2c8f68,RHEL-6_9-ENG,private,active
e5e8435a523d43e6bbed40715c228cde,e5e8435a523d43e6bbed40715c228cde,eng-build-cloud-rcdn,https://cloud-rcdn-1.cisco.com:5000/v3,06dc1b58-a68e-47f4-94e5-5f3272de5ec1,RHEL-7_4-ENG,private,active
e6386026d8954f998fe32396ad1c1e92,e6386026d8954f998fe32396ad1c1e92,uctg-galway,https://cloud-rcdn-1.cisco.com:5000/v3,2b5eab8c-4c00-490e-b60c-ec4db29db8ed,centos7-docker-built,private,active
e6386026d8954f998fe32396ad1c1e92,e6386026d8954f998fe32396ad1c1e92,uctg-galway,https://cloud-rcdn-1.cisco.com:5000/v3,7715daec-ef59-4b10-8d2c-cb1cc57b0491,centos7-docker-built-pre-8,private,active
e6386026d8954f998fe32396ad1c1e92,e6386026d8954f998fe32396ad1c1e92,uctg-galway,https://cloud-rcdn-1.cisco.com:5000/v3,b01d7a50-d731-42f6-b04b-71cf89b23bf9,sorin-centos7-docker-built-3,private,active
e6386026d8954f998fe32396ad1c1e92,e6386026d8954f998fe32396ad1c1e92,uctg-galway,https://cloud-rcdn-1.cisco.com:5000/v3,42f7250e-2e41-44d1-85db-2a526558ed68,centos7-docker-built-pre-3,private,active
e6386026d8954f998fe32396ad1c1e92,e6386026d8954f998fe32396ad1c1e92,uctg-galway,https://cloud-rcdn-1.cisco.com:5000/v3,615eeded-e1c7-4b82-b99d-f693d16dd042,darren-mse-pre-install,private,active
e6386026d8954f998fe32396ad1c1e92,e6386026d8954f998fe32396ad1c1e92,uctg-galway,https://cloud-rcdn-1.cisco.com:5000/v3,9ad2d7c3-900d-4409-bd7c-817476389543,almadden-sse-no-config,private,active
e6386026d8954f998fe32396ad1c1e92,e6386026d8954f998fe32396ad1c1e92,uctg-galway,https://cloud-rcdn-1.cisco.com:5000/v3,fe61eb6f-3907-4995-a454-bd85d40d2985,FreshInstallSSEBinary,private,active
e6386026d8954f998fe32396ad1c1e92,e6386026d8954f998fe32396ad1c1e92,uctg-galway,https://cloud-rcdn-1.cisco.com:5000/v3,3ef9c36e-faae-482f-8d30-f49af77ca54a,ns1b.magni.working.180119,private,active
e6386026d8954f998fe32396ad1c1e92,e6386026d8954f998fe32396ad1c1e92,uctg-galway,https://cloud-rcdn-1.cisco.com:5000/v3,d3e56e5f-f422-41fd-b9dd-f5175a4b2944,ns1a.magni.working.180119,private,active
e6386026d8954f998fe32396ad1c1e92,e6386026d8954f998fe32396ad1c1e92,uctg-galway,https://cloud-rcdn-1.cisco.com:5000/v3,378df455-d764-430f-8ecf-35d76d155386,as1b.magni.working.180119,private,active
e6386026d8954f998fe32396ad1c1e92,e6386026d8954f998fe32396ad1c1e92,uctg-galway,https://cloud-rcdn-1.cisco.com:5000/v3,7f4952df-606f-4eb1-a31d-c152a6270ba4,as1a.magni.working.180119,private,active
e6386026d8954f998fe32396ad1c1e92,e6386026d8954f998fe32396ad1c1e92,uctg-galway,https://cloud-rcdn-1.cisco.com:5000/v3,e2e7ec93-ca21-44b3-bb39-436f03062c9a,jenkins-slave,private,active
e6386026d8954f998fe32396ad1c1e92,e6386026d8954f998fe32396ad1c1e92,uctg-galway,https://cloud-rcdn-1.cisco.com:5000/v3,670070d9-76ef-46cf-82b6-86131020a597,as1a_osready,private,active
e6386026d8954f998fe32396ad1c1e92,e6386026d8954f998fe32396ad1c1e92,uctg-galway,https://cloud-rcdn-1.cisco.com:5000/v3,2e9f4743-9786-44b5-b016-ee8253905a15,s42700x8_11_4.openstack.cf.raw,private,active
e6386026d8954f998fe32396ad1c1e92,e6386026d8954f998fe32396ad1c1e92,uctg-galway,https://cloud-rcdn-1.cisco.com:5000/v3,f3667cd8-7cdb-4048-9d15-fe33ba15a415,s42700x12_5_0_a3.openstack.cf.raw,private,active
e6386026d8954f998fe32396ad1c1e92,e6386026d8954f998fe32396ad1c1e92,uctg-galway,https://cloud-rcdn-1.cisco.com:5000/v3,e013bfb2-63e5-4599-a107-e00742246505,hedge-404593.raw,private,active
e6386026d8954f998fe32396ad1c1e92,e6386026d8954f998fe32396ad1c1e92,uctg-galway,https://cloud-rcdn-1.cisco.com:5000/v3,5564029b-6d8a-441c-aa0b-510d638ac3dc,RHEL6_BuildHost_1.3,private,active
1b5db01395f4431eb44f5fc75cffde6a,ee435c9c71e4454cb561621697d51e58,AIMPRD-PRD-RCDN,https://cloud-rcdn-1.cisco.com:5000/v3,020d09b6-b3c9-4704-97bf-44335ecf22f6,RHEL-7_4-MG,private,active
f5cc83b11671446a831a75dd52dcf330,f5cc83b11671446a831a75dd52dcf330,CD-Services,https://cloud-rcdn-1.cisco.com:5000/v3,c361a19b-9913-4ea6-abc5-8c8af98285a3,CoDE-xenial-server-cloudimg-amd64-disk1,private,active
1b5db01395f4431eb44f5fc75cffde6a,f76b5da082b445a29c42fed993f7dc16,CI-POC-RCDN,https://cloud-rcdn-1.cisco.com:5000/v3,020d09b6-b3c9-4704-97bf-44335ecf22f6,RHEL-7_4-MG,private,active
1b5db01395f4431eb44f5fc75cffde6a,fc82d279e5a2476a8e4d27eadf7d969a,impdev-npd-rcdn,https://cloud-rcdn-1.cisco.com:5000/v3,020d09b6-b3c9-4704-97bf-44335ecf22f6,RHEL-7_4-MG,private,active
1b5db01395f4431eb44f5fc75cffde6a,fcdd9f31affe4422b0e04b97ea8902d9,CloudDB-Security-RCDN,https://cloud-rcdn-1.cisco.com:5000/v3,020d09b6-b3c9-4704-97bf-44335ecf22f6,RHEL-7_4-MG,private,active
1b5db01395f4431eb44f5fc75cffde6a,ff6887f14d6346de953cda983b32f7d0,MMDEV-NPD-RCDN,https://cloud-rcdn-1.cisco.com:5000/v3,020d09b6-b3c9-4704-97bf-44335ecf22f6,RHEL-7_4-MG,private,active
40c5f4dd8e2446f09371090d2f3b1c0e,055ff5363460478d9fdad267de6d03be,EPSDEV-NPD-ALLN,https://cloud-alln-1.cisco.com:5000/v3,ef686a67-02c3-4736-ae74-3307df9cf2a0,RHEL-7_4-MG,private,active
40c5f4dd8e2446f09371090d2f3b1c0e,0af3da12bdd847bba03d6d526d68b00e,drsdev-npd-alln,https://cloud-alln-1.cisco.com:5000/v3,ef686a67-02c3-4736-ae74-3307df9cf2a0,RHEL-7_4-MG,private,active
0b96be2e888746c0b0a7ce2ea0f51b48,0b96be2e888746c0b0a7ce2ea0f51b48,testing-project-alln1,https://cloud-alln-1.cisco.com:5000/v3,99f29d51-830e-441d-a5bd-1ee11d2cdfce,OCUM-test,private,active
40c5f4dd8e2446f09371090d2f3b1c0e,0ca7d64342c54bc19d3f73793c4cda23,IMCDEV-NPD-ALLN,https://cloud-alln-1.cisco.com:5000/v3,ef686a67-02c3-4736-ae74-3307df9cf2a0,RHEL-7_4-MG,private,active
40c5f4dd8e2446f09371090d2f3b1c0e,0eb3a1766e9e4cfc87161eac101204e6,CDB-AUT-ALLN,https://cloud-alln-1.cisco.com:5000/v3,ef686a67-02c3-4736-ae74-3307df9cf2a0,RHEL-7_4-MG,private,active
40c5f4dd8e2446f09371090d2f3b1c0e,13fef8e0b4b64971915d7bdc28905120,ESGPRD-PRD-ALLN,https://cloud-alln-1.cisco.com:5000/v3,ef686a67-02c3-4736-ae74-3307df9cf2a0,RHEL-7_4-MG,private,active
40c5f4dd8e2446f09371090d2f3b1c0e,168ee50c19af4a45a1255cedb526972f,AIMSTG-NPD-ALLN,https://cloud-alln-1.cisco.com:5000/v3,ef686a67-02c3-4736-ae74-3307df9cf2a0,RHEL-7_4-MG,private,active
40c5f4dd8e2446f09371090d2f3b1c0e,193d1a24512e4079a07626885888e44f,AIMPRD-PRD-ALLN,https://cloud-alln-1.cisco.com:5000/v3,ef686a67-02c3-4736-ae74-3307df9cf2a0,RHEL-7_4-MG,private,active
40c5f4dd8e2446f09371090d2f3b1c0e,1bd50ba264414b62877fc11973f63e86,ESGNDV-NPD-ALLN,https://cloud-alln-1.cisco.com:5000/v3,ef686a67-02c3-4736-ae74-3307df9cf2a0,RHEL-7_4-MG,private,active
1ef0a46dea89491885299064b6efebb3,1ef0a46dea89491885299064b6efebb3,CPO_LH_Production,https://cloud-alln-1.cisco.com:5000/v3,27833c95-08a2-40d3-99b2-4db16aa12393,ao-installer-base,private,active
1ef0a46dea89491885299064b6efebb3,1ef0a46dea89491885299064b6efebb3,CPO_LH_Production,https://cloud-alln-1.cisco.com:5000/v3,909e4fa6-d44b-4350-b5d6-faa589fa122e,windows2012R2baseImage,private,active
1ef0a46dea89491885299064b6efebb3,1ef0a46dea89491885299064b6efebb3,CPO_LH_Production,https://cloud-alln-1.cisco.com:5000/v3,39ad69bb-5e60-4307-9bea-c954622e4aec,windows2016baseUpdated962018,private,active
1ef0a46dea89491885299064b6efebb3,1ef0a46dea89491885299064b6efebb3,CPO_LH_Production,https://cloud-alln-1.cisco.com:5000/v3,3e320a48-e953-4f45-9596-91e334b07c8b,windows2016base,private,active
40c5f4dd8e2446f09371090d2f3b1c0e,2175eedb1e544f4dba39325cffefc010,impdev-npd-alln,https://cloud-alln-1.cisco.com:5000/v3,ef686a67-02c3-4736-ae74-3307df9cf2a0,RHEL-7_4-MG,private,active
2ca261fe29744b71b7fefd1ca0812d93,2ca261fe29744b71b7fefd1ca0812d93,B2C Development - Direct Connect Network,https://cloud-alln-1.cisco.com:5000/v3,84df1a28-9632-4610-b957-c1c3e49bd1b3,vm21,private,active
40c5f4dd8e2446f09371090d2f3b1c0e,2cd4e79c5285497a9e9ecda3ea0ba485,OPL-PRD-DB-ALLN,https://cloud-alln-1.cisco.com:5000/v3,ef686a67-02c3-4736-ae74-3307df9cf2a0,RHEL-7_4-MG,private,active
40c5f4dd8e2446f09371090d2f3b1c0e,31092de9868f42c2b4cc937990079da5,demo-npd-alln,https://cloud-alln-1.cisco.com:5000/v3,ef686a67-02c3-4736-ae74-3307df9cf2a0,RHEL-7_4-MG,private,active
32df01841ba8465880958972d84be9a2,32df01841ba8465880958972d84be9a2,internal-fip-net-devops,https://cloud-alln-1.cisco.com:5000/v3,9530050b-234c-4e53-a3b5-9f8180f01a4b,cirros-0.4.0,private,active
9701d09f28484661b5d4168ac98b61ab,32df01841ba8465880958972d84be9a2,internal-fip-net-devops,https://cloud-alln-1.cisco.com:5000/v3,efb41172-f0c2-46ca-ac87-f73302205e19,RHEL-7-CORE-OLD-20180504-210904,private,active
40c5f4dd8e2446f09371090d2f3b1c0e,332c5a26ade141be8d80c047b9a400d6,CCWPOC-NPD-ALLN,https://cloud-alln-1.cisco.com:5000/v3,ef686a67-02c3-4736-ae74-3307df9cf2a0,RHEL-7_4-MG,private,active
33b3f005bde44058b99bc577f59ad5a4,33b3f005bde44058b99bc577f59ad5a4,BCIPROD,https://cloud-alln-1.cisco.com:5000/v3,410bf849-a454-458b-8801-4818e6ebd520,cm-1,private,active
3b4b48d7732f4a079c25e6a756d4c49a,3b4b48d7732f4a079c25e6a756d4c49a,ACE Plus ALLN,https://cloud-alln-1.cisco.com:5000/v3,2b404692-6fa8-4de0-ad15-287564ef3314,base1,private,active
40c5f4dd8e2446f09371090d2f3b1c0e,423f6abb877d4f2e824389cd186e641c,IMCSTG-NPD-ALLN,https://cloud-alln-1.cisco.com:5000/v3,ef686a67-02c3-4736-ae74-3307df9cf2a0,RHEL-7_4-MG,private,active
43ce565de42a4aed880305f0811b1b31,43ce565de42a4aed880305f0811b1b31,CD-Services-STAGE,https://cloud-alln-1.cisco.com:5000/v3,a4dc3d1b-c4e1-4b38-ae70-24f735bf79e5,CoDE-xenial-server-cloudimg-amd64-disk1,private,active
9701d09f28484661b5d4168ac98b61ab,4a470dfea2014a87a08b15680438e6b4,SDP-Private-Prod,https://cloud-alln-1.cisco.com:5000/v3,a597de9c-ac8a-49de-80ed-2cc1720f85c5,CentOS-7-Generic,private,active
40c5f4dd8e2446f09371090d2f3b1c0e,4b7c1270e9ab48c992f8a38213109db6,MMPRD-PRD-ALLN,https://cloud-alln-1.cisco.com:5000/v3,ef686a67-02c3-4736-ae74-3307df9cf2a0,RHEL-7_4-MG,private,active
40c5f4dd8e2446f09371090d2f3b1c0e,4e10caf7297f47dfaa9f4ba1e016cdec,ESGNST-NPD-ALLN,https://cloud-alln-1.cisco.com:5000/v3,ef686a67-02c3-4736-ae74-3307df9cf2a0,RHEL-7_4-MG,private,active
40c5f4dd8e2446f09371090d2f3b1c0e,50840c783057458096ee0aa3883ac908,OPSMGR-NPD-ALLN,https://cloud-alln-1.cisco.com:5000/v3,ef686a67-02c3-4736-ae74-3307df9cf2a0,RHEL-7_4-MG,private,active
58488d33880844249bf5909378df07a8,58488d33880844249bf5909378df07a8,cnaap-alln-001,https://cloud-alln-1.cisco.com:5000/v3,857ba123-d461-4da2-a7ec-4a4d13435f8c,cnaap-alln-001-d_01-18-2019,private,active
58488d33880844249bf5909378df07a8,58488d33880844249bf5909378df07a8,cnaap-alln-001,https://cloud-alln-1.cisco.com:5000/v3,a3cdc8c4-7dcb-4529-956c-42c1f517e198,cnaap-alln-001-c_01-18-2019,private,active
58488d33880844249bf5909378df07a8,58488d33880844249bf5909378df07a8,cnaap-alln-001,https://cloud-alln-1.cisco.com:5000/v3,2ac9dfbd-63cc-4d7e-8e9d-c59d64df47a2,cnaap-alln-001-b_01-18-2019,private,active
58488d33880844249bf5909378df07a8,58488d33880844249bf5909378df07a8,cnaap-alln-001,https://cloud-alln-1.cisco.com:5000/v3,20b6987f-8328-441a-8a44-c28c692069cf,cnaap-alln-001-a_01-18-2019,private,active
58488d33880844249bf5909378df07a8,58488d33880844249bf5909378df07a8,cnaap-alln-001,https://cloud-alln-1.cisco.com:5000/v3,b565fdc7-1a69-430c-8411-05285a784b7b,cnaap-alln-001-a_27-11-2018,private,active
58488d33880844249bf5909378df07a8,58488d33880844249bf5909378df07a8,cnaap-alln-001,https://cloud-alln-1.cisco.com:5000/v3,a5dbee0b-6390-42f6-82a7-0b7b876a1dd1,cnaap-alln-001-b_27-11-2018,private,active
58488d33880844249bf5909378df07a8,58488d33880844249bf5909378df07a8,cnaap-alln-001,https://cloud-alln-1.cisco.com:5000/v3,9ebea77d-adfa-4ae5-a4ed-b0060ace8889,cnaap-alln-001-c_27-11-2018,private,active
58488d33880844249bf5909378df07a8,58488d33880844249bf5909378df07a8,cnaap-alln-001,https://cloud-alln-1.cisco.com:5000/v3,897f85d0-5399-4b9c-afae-8d1707a4fad1,cnaap-alln-001-d_27-11-2018,private,active
9701d09f28484661b5d4168ac98b61ab,5f3304bc65a643a2855196b7094cad09,SSO-Private-0.6,https://cloud-alln-1.cisco.com:5000/v3,a597de9c-ac8a-49de-80ed-2cc1720f85c5,CentOS-7-Generic,private,active
40c5f4dd8e2446f09371090d2f3b1c0e,5f827df87c424ce68971cd0a1f43aafc,IMCPRD-PRD-ALLN,https://cloud-alln-1.cisco.com:5000/v3,ef686a67-02c3-4736-ae74-3307df9cf2a0,RHEL-7_4-MG,private,active
40c5f4dd8e2446f09371090d2f3b1c0e,67047670121741189c4962794c5c5888,tagstg-npd-alln,https://cloud-alln-1.cisco.com:5000/v3,ef686a67-02c3-4736-ae74-3307df9cf2a0,RHEL-7_4-MG,private,active
40c5f4dd8e2446f09371090d2f3b1c0e,6863f5a068224b1a86cd733194c72f1e,Oracle18c-poc-Alln,https://cloud-alln-1.cisco.com:5000/v3,ef686a67-02c3-4736-ae74-3307df9cf2a0,RHEL-7_4-MG,private,active
40c5f4dd8e2446f09371090d2f3b1c0e,6c0055d749364bfaacfc690a28794cb1,GDPPRD-PRD-ALLN,https://cloud-alln-1.cisco.com:5000/v3,ef686a67-02c3-4736-ae74-3307df9cf2a0,RHEL-7_4-MG,private,active
40c5f4dd8e2446f09371090d2f3b1c0e,6e88f53bfeee40afac3c153d79dc1750,slrrwd-npd-alln,https://cloud-alln-1.cisco.com:5000/v3,ef686a67-02c3-4736-ae74-3307df9cf2a0,RHEL-7_4-MG,private,active
40c5f4dd8e2446f09371090d2f3b1c0e,6f54d15487384fe2814e308799c5ac9a,CloudDB-Cassandra-OpsCenter-ALLN,https://cloud-alln-1.cisco.com:5000/v3,ef686a67-02c3-4736-ae74-3307df9cf2a0,RHEL-7_4-MG,private,active
75b7425e5c924a29bea9ed4cb657bf1d,75b7425e5c924a29bea9ed4cb657bf1d,tmx-bd-legacy-dev,https://cloud-alln-1.cisco.com:5000/v3,8c192b48-c2eb-4984-b793-44179a895ce2,SVS-CentOS-7,private,active
40c5f4dd8e2446f09371090d2f3b1c0e,76bbe0f877ba4879a14eace8b949148a,IAC-Demo,https://cloud-alln-1.cisco.com:5000/v3,ef686a67-02c3-4736-ae74-3307df9cf2a0,RHEL-7_4-MG,private,active
40c5f4dd8e2446f09371090d2f3b1c0e,77355e0b486046b8868b230986295d60,slrrwd-prd-alln,https://cloud-alln-1.cisco.com:5000/v3,ef686a67-02c3-4736-ae74-3307df9cf2a0,RHEL-7_4-MG,private,active
40c5f4dd8e2446f09371090d2f3b1c0e,7829666f1ff34115b4dfd93f890c34b7,DBA-TESLA-AUTOMATION-INFRASTRUCTURE-ALLN,https://cloud-alln-1.cisco.com:5000/v3,ef686a67-02c3-4736-ae74-3307df9cf2a0,RHEL-7_4-MG,private,active
7ca8ed4a530a43afb129bd8e38d3b6bc,7ca8ed4a530a43afb129bd8e38d3b6bc,SSO-Private-0.6-ALLN,https://cloud-alln-1.cisco.com:5000/v3,3ada0be8-2b4f-454f-a070-c031543840fb,1.0-rn-demo,private,active
7ca8ed4a530a43afb129bd8e38d3b6bc,7ca8ed4a530a43afb129bd8e38d3b6bc,SSO-Private-0.6-ALLN,https://cloud-alln-1.cisco.com:5000/v3,8ca9c11d-0bc3-4888-a7de-403825dd31f4,1234,private,active
7ca8ed4a530a43afb129bd8e38d3b6bc,7ca8ed4a530a43afb129bd8e38d3b6bc,SSO-Private-0.6-ALLN,https://cloud-alln-1.cisco.com:5000/v3,829c916c-d46a-4ba5-9364-fce155fc244f,1234,private,active
7ca8ed4a530a43afb129bd8e38d3b6bc,7ca8ed4a530a43afb129bd8e38d3b6bc,SSO-Private-0.6-ALLN,https://cloud-alln-1.cisco.com:5000/v3,f8e439c0-ffcc-4491-86d2-6c2e173192c5,KubeSpray,private,active
7ca8ed4a530a43afb129bd8e38d3b6bc,7ca8ed4a530a43afb129bd8e38d3b6bc,SSO-Private-0.6-ALLN,https://cloud-alln-1.cisco.com:5000/v3,83400c0d-435f-4712-8bef-41bddacf1e87,sdp-rn-p3-qa-Snapshot,private,active
9701d09f28484661b5d4168ac98b61ab,7ca8ed4a530a43afb129bd8e38d3b6bc,SSO-Private-0.6-ALLN,https://cloud-alln-1.cisco.com:5000/v3,a597de9c-ac8a-49de-80ed-2cc1720f85c5,CentOS-7-Generic,private,active
40c5f4dd8e2446f09371090d2f3b1c0e,7daa4664ac734f34b1c0fb75f8a62067,internal-direct-net-devops,https://cloud-alln-1.cisco.com:5000/v3,ef686a67-02c3-4736-ae74-3307df9cf2a0,RHEL-7_4-MG,private,active
40c5f4dd8e2446f09371090d2f3b1c0e,81413c640bd447d89a4c62ced7e6f4c9,OPLTS3-NPD-ALLN,https://cloud-alln-1.cisco.com:5000/v3,ef686a67-02c3-4736-ae74-3307df9cf2a0,RHEL-7_4-MG,private,active
40c5f4dd8e2446f09371090d2f3b1c0e,83c53027d95943369817b017f2275d25,embstg-npd-alln,https://cloud-alln-1.cisco.com:5000/v3,ef686a67-02c3-4736-ae74-3307df9cf2a0,RHEL-7_4-MG,private,active
85507675847b404ab73a6f9f150ff7d8,85507675847b404ab73a6f9f150ff7d8,openstack-qa-tenant-1,https://cloud-alln-1.cisco.com:5000/v3,88ca3aae-273e-4529-be89-97df940b7d84,sanity_cirros,private,active
40c5f4dd8e2446f09371090d2f3b1c0e,85939dfafbe94529b2cf0b03671bc8c5,CloudDB-Security-ALLN,https://cloud-alln-1.cisco.com:5000/v3,ef686a67-02c3-4736-ae74-3307df9cf2a0,RHEL-7_4-MG,private,active
40c5f4dd8e2446f09371090d2f3b1c0e,87e559e6b0b14d45a63b6a58d6038b90,OPL-PRD-APP-ALLN,https://cloud-alln-1.cisco.com:5000/v3,ef686a67-02c3-4736-ae74-3307df9cf2a0,RHEL-7_4-MG,private,active
90258063181343c29b93e05517e7b748,90258063181343c29b93e05517e7b748,gslb-alln,https://cloud-alln-1.cisco.com:5000/v3,cb92c298-766e-451a-bc25-0a55a952b5e2,controller-17.2.14.9128,private,active
90258063181343c29b93e05517e7b748,90258063181343c29b93e05517e7b748,gslb-alln,https://cloud-alln-1.cisco.com:5000/v3,7c070347-7153-4a8e-9c39-68799b0af6ec,Avi-SE-17.2.13-9168-cloud-d5bdcd32-c2ad-4b59-97b0-af06b0f934b5-cluster-6de85822-fc75-4d07-8c29-9422ada19851,private,active
90258063181343c29b93e05517e7b748,90258063181343c29b93e05517e7b748,gslb-alln,https://cloud-alln-1.cisco.com:5000/v3,875dd482-d3e7-436e-b5ed-b6e333ab47c5,controller-17.2.13-9168,private,active
40c5f4dd8e2446f09371090d2f3b1c0e,91f46bcb95bf4d3f954a4ca6fe8f6494,embdev-npd-alln,https://cloud-alln-1.cisco.com:5000/v3,ef686a67-02c3-4736-ae74-3307df9cf2a0,RHEL-7_4-MG,private,active
40c5f4dd8e2446f09371090d2f3b1c0e,95f7f174418f45439bc78e60ab804741,ESGSTG-NPD-ALLN,https://cloud-alln-1.cisco.com:5000/v3,ef686a67-02c3-4736-ae74-3307df9cf2a0,RHEL-7_4-MG,private,active
40c5f4dd8e2446f09371090d2f3b1c0e,a334d766e9ec49d5bfd2128f0b0b9c01,mgprod-prd-alln,https://cloud-alln-1.cisco.com:5000/v3,ef686a67-02c3-4736-ae74-3307df9cf2a0,RHEL-7_4-MG,private,active
40c5f4dd8e2446f09371090d2f3b1c0e,a641839014b84e8689db8630f1c84212,ESGDEV-NPD-ALLN,https://cloud-alln-1.cisco.com:5000/v3,ef686a67-02c3-4736-ae74-3307df9cf2a0,RHEL-7_4-MG,private,active
40c5f4dd8e2446f09371090d2f3b1c0e,a780049f44c2468fbd3805b32657bdff,casapp-npd-alln,https://cloud-alln-1.cisco.com:5000/v3,ef686a67-02c3-4736-ae74-3307df9cf2a0,RHEL-7_4-MG,private,active
aafcaffd270c49ed9bc5e018412f96d6,aafcaffd270c49ed9bc5e018412f96d6,EPS-ADMIN-ALLN,https://cloud-alln-1.cisco.com:5000/v3,bbcd412d-5763-4511-b3fd-0073b7a752df,Core-OS-Self,private,active
40c5f4dd8e2446f09371090d2f3b1c0e,af34d7597fec4b6bb49138fb52f59714,GSLOPC-NPD-ALLN,https://cloud-alln-1.cisco.com:5000/v3,ef686a67-02c3-4736-ae74-3307df9cf2a0,RHEL-7_4-MG,private,active
40c5f4dd8e2446f09371090d2f3b1c0e,b0ddc15ab67140e7b31b4557aa8bb34a,SCIPRD-PRD-ALLN,https://cloud-alln-1.cisco.com:5000/v3,ef686a67-02c3-4736-ae74-3307df9cf2a0,RHEL-7_4-MG,private,active
40c5f4dd8e2446f09371090d2f3b1c0e,b58658aa20ba4682976953f80a2c3b03,terraform-automation,https://cloud-alln-1.cisco.com:5000/v3,ef686a67-02c3-4736-ae74-3307df9cf2a0,RHEL-7_4-MG,private,active
40c5f4dd8e2446f09371090d2f3b1c0e,b6c54fc0c2124873bd37966e765eff11,SCISTG-NPD-ALLN,https://cloud-alln-1.cisco.com:5000/v3,ef686a67-02c3-4736-ae74-3307df9cf2a0,RHEL-7_4-MG,private,active
40c5f4dd8e2446f09371090d2f3b1c0e,b9dce513bac94e749b18b4b8ace70e62,FINSSE-PRD-ALLN,https://cloud-alln-1.cisco.com:5000/v3,ef686a67-02c3-4736-ae74-3307df9cf2a0,RHEL-7_4-MG,private,active
40c5f4dd8e2446f09371090d2f3b1c0e,ba22019efdad47d1ac3eeb53914e4e2c,lglprd-prd-alln,https://cloud-alln-1.cisco.com:5000/v3,ef686a67-02c3-4736-ae74-3307df9cf2a0,RHEL-7_4-MG,private,active
40c5f4dd8e2446f09371090d2f3b1c0e,bac32af33de34ab599f2135d50bce356,CDFPOC-NPD-ALLN,https://cloud-alln-1.cisco.com:5000/v3,ef686a67-02c3-4736-ae74-3307df9cf2a0,RHEL-7_4-MG,private,active
bd590dab6f4d4b77b13c785d85d5af82,bd590dab6f4d4b77b13c785d85d5af82,CD-Services,https://cloud-alln-1.cisco.com:5000/v3,f46fc517-1a01-468d-af8e-70ec2d3fc482,CoDE-xenial-server-cloudimg-amd64-disk1,private,active
40c5f4dd8e2446f09371090d2f3b1c0e,be056561293d41458914c44005220b5e,MMDEV-NPD-ALLN,https://cloud-alln-1.cisco.com:5000/v3,ef686a67-02c3-4736-ae74-3307df9cf2a0,RHEL-7_4-MG,private,active
c2b7824e9d604d949e75fa1ab87f150b,c2b7824e9d604d949e75fa1ab87f150b,CD2.0,https://cloud-alln-1.cisco.com:5000/v3,fe756d4a-b8ec-405c-8dca-6825ca14964e,CoDE-xenial-server-cloudimg-amd64-disk1,private,active
c2b7824e9d604d949e75fa1ab87f150b,c2b7824e9d604d949e75fa1ab87f150b,CD2.0,https://cloud-alln-1.cisco.com:5000/v3,0e1d3d0d-3183-4633-a08f-7c5b8b4ad0dd,CoDE-CentOS-7-x86_64-GenericCloud-1805,private,active
40c5f4dd8e2446f09371090d2f3b1c0e,c3877394a9bb416cbc223d37062c505b,OPL-LT-DB-ALLN,https://cloud-alln-1.cisco.com:5000/v3,ef686a67-02c3-4736-ae74-3307df9cf2a0,RHEL-7_4-MG,private,active
9701d09f28484661b5d4168ac98b61ab,c3877394a9bb416cbc223d37062c505b,OPL-LT-DB-ALLN,https://cloud-alln-1.cisco.com:5000/v3,86608427-f617-43b0-bbe8-e9f4f338b616,RHEL-7_4-MG-OLD-08-23-2018-1948,private,active
c7d73dfd3f1843ca8d562c828952dd4e,c7d73dfd3f1843ca8d562c828952dd4e,PLATFORM-DEPLOY-ALLN,https://cloud-alln-1.cisco.com:5000/v3,c95febd4-d17b-4278-9b46-84a8b9443f65,cirros-0.4,private,active
40c5f4dd8e2446f09371090d2f3b1c0e,c8dd573771ea40a49012afcaa14285a0,lgldev-npd-alln,https://cloud-alln-1.cisco.com:5000/v3,ef686a67-02c3-4736-ae74-3307df9cf2a0,RHEL-7_4-MG,private,active
ce22f840a48e4c6f8ef31e1355168da3,ce22f840a48e4c6f8ef31e1355168da3,tmx-cluster-dev,https://cloud-alln-1.cisco.com:5000/v3,45d71dc6-0e8b-486d-8f09-f4c0e5eeb457,SVS-CentOS-7-Atomic,private,active
ce22f840a48e4c6f8ef31e1355168da3,ce22f840a48e4c6f8ef31e1355168da3,tmx-cluster-dev,https://cloud-alln-1.cisco.com:5000/v3,9c78114f-d0d0-4a8a-bbb5-0b1e173777d9,SVS-CentOS-7,private,active
40c5f4dd8e2446f09371090d2f3b1c0e,d1748bcfe6964f52b629534c857914c6,EB-PRD-ALLN,https://cloud-alln-1.cisco.com:5000/v3,ef686a67-02c3-4736-ae74-3307df9cf2a0,RHEL-7_4-MG,private,active
40c5f4dd8e2446f09371090d2f3b1c0e,d17bfe73ef4b494882e805f0e51b8d84,OPSCTR-PRD-ALLN,https://cloud-alln-1.cisco.com:5000/v3,ef686a67-02c3-4736-ae74-3307df9cf2a0,RHEL-7_4-MG,private,active
40c5f4dd8e2446f09371090d2f3b1c0e,d52b35daf94a4a44bec7b0bd7ee06cae,lglstg-npd-alln,https://cloud-alln-1.cisco.com:5000/v3,ef686a67-02c3-4736-ae74-3307df9cf2a0,RHEL-7_4-MG,private,active
40c5f4dd8e2446f09371090d2f3b1c0e,d7886dff58dc474e9070f5d10c5a6671,MMSTG-NPD-ALLN,https://cloud-alln-1.cisco.com:5000/v3,ef686a67-02c3-4736-ae74-3307df9cf2a0,RHEL-7_4-MG,private,active
40c5f4dd8e2446f09371090d2f3b1c0e,db3a4303ac61423b9c6160153b26cb36,ESGNPD-PRD-ALLN,https://cloud-alln-1.cisco.com:5000/v3,ef686a67-02c3-4736-ae74-3307df9cf2a0,RHEL-7_4-MG,private,active
e07f49604d8145c0aa635bc9a5c7c992,e07f49604d8145c0aa635bc9a5c7c992,sdp-lt3,https://cloud-alln-1.cisco.com:5000/v3,c66c3642-1a30-49e7-8b48-9b5abdbda4f2,sdp15-nifi2-rootdisk,private,active
e07f49604d8145c0aa635bc9a5c7c992,e07f49604d8145c0aa635bc9a5c7c992,sdp-lt3,https://cloud-alln-1.cisco.com:5000/v3,3dd381ab-f7bb-4682-84ae-9120564be1fd,sdp15-nifi3-rootdisk,private,active
e07f49604d8145c0aa635bc9a5c7c992,e07f49604d8145c0aa635bc9a5c7c992,sdp-lt3,https://cloud-alln-1.cisco.com:5000/v3,79a584dd-e47a-4aaa-8247-3a57d7053a9f,sdp15-nifi1-rootdisk,private,active
40c5f4dd8e2446f09371090d2f3b1c0e,e0de23dd8525443489284231f807fcad,mcmp-stg-alln,https://cloud-alln-1.cisco.com:5000/v3,ef686a67-02c3-4736-ae74-3307df9cf2a0,RHEL-7_4-MG,private,active
40c5f4dd8e2446f09371090d2f3b1c0e,e2bec3f5d53441239f044b3663b908f3,MCMPPD-PRD-ALLN,https://cloud-alln-1.cisco.com:5000/v3,ef686a67-02c3-4736-ae74-3307df9cf2a0,RHEL-7_4-MG,private,active
40c5f4dd8e2446f09371090d2f3b1c0e,e70e7dca27524f518c0f324e4764cb05,FINSSE-NPD-ALLN,https://cloud-alln-1.cisco.com:5000/v3,ef686a67-02c3-4736-ae74-3307df9cf2a0,RHEL-7_4-MG,private,active
ed648c0051ab46d5a196356348b71d23,ed648c0051ab46d5a196356348b71d23,CX Labs Infra,https://cloud-alln-1.cisco.com:5000/v3,3c581811-e345-4b0b-a487-00561bce8897,FreeBSD-12.0-RELEASE,private,active
f111780fe56f410c827cee2a09e0bb77,f111780fe56f410c827cee2a09e0bb77,tmx-bd-legacy-prod,https://cloud-alln-1.cisco.com:5000/v3,2a81e2d1-4a6a-447f-932e-f078c389ee75,SVS-CentOS-7,private,active
40c5f4dd8e2446f09371090d2f3b1c0e,f216be8737614ccc8e3da5e05054b68b,GDPSTG-NPD-ALLN,https://cloud-alln-1.cisco.com:5000/v3,ef686a67-02c3-4736-ae74-3307df9cf2a0,RHEL-7_4-MG,private,active
f6276918eb234496ae787d30912d1e1a,f6276918eb234496ae787d30912d1e1a,tmx-alln-cicd-prod,https://cloud-alln-1.cisco.com:5000/v3,5d0c6a3a-251e-4d48-a210-3b50959f48c7,SVS-CentOS-7,private,active
40c5f4dd8e2446f09371090d2f3b1c0e,fa09c28faf2e415297cafe06dd3464f6,tagprd-prd-alln,https://cloud-alln-1.cisco.com:5000/v3,ef686a67-02c3-4736-ae74-3307df9cf2a0,RHEL-7_4-MG,private,active
fb603c9d5038421790fd96f35bdff8bc,fb603c9d5038421790fd96f35bdff8bc,tmx-cluster-prod,https://cloud-alln-1.cisco.com:5000/v3,45aedb23-af1c-4b9a-a9be-a066d3cb5561,SVS-CentOS-7-Atomic,private,active
fb603c9d5038421790fd96f35bdff8bc,fb603c9d5038421790fd96f35bdff8bc,tmx-cluster-prod,https://cloud-alln-1.cisco.com:5000/v3,3914b1dd-5c53-42b0-85d5-485b1b6fbd10,SVS-CentOS-7,private,active
fbe020141fe74a1a9589ba5eb09d3a60,fbe020141fe74a1a9589ba5eb09d3a60,Entitlement Base Foundation PRD2-1,https://cloud-alln-1.cisco.com:5000/v3,57164235-64c7-47ed-bdc8-17ed45852e53,snap1,private,active
40c5f4dd8e2446f09371090d2f3b1c0e,fc428bb0f0504bfb8e3d0168c6b536c8,tagdev-npd-alln,https://cloud-alln-1.cisco.com:5000/v3,ef686a67-02c3-4736-ae74-3307df9cf2a0,RHEL-7_4-MG,private,active
40c5f4dd8e2446f09371090d2f3b1c0e,fe1007afca5f4ca7ad84f6ac70b4cf35,mgstg-npd-alln,https://cloud-alln-1.cisco.com:5000/v3,ef686a67-02c3-4736-ae74-3307df9cf2a0,RHEL-7_4-MG,private,active
