Image Owner Id,Tenant Name,Tenant External URL,Image Id,Image Name,Visibility,Unused,Direct URL,Image_Updated_on
0420524949924489b9b2f5fc2d1ffb49,gslb-rtp,https://cloud-rtp-1.cisco.com:5000/v3,a051c302-a3fb-4472-a1f1-56bf637adc82,Avi-SE-17.2.13-9168-cloud-afc650c3-8a1a-44b6-9573-cf93e8bc7f02-cluster-35f7e80e-7c69-422c-ba47-324135790de3,private,True,rbd://8ca1baff-4227-449c-868a-2836d8798581/cloud-rtp-1-fab3-glance/a051c302-a3fb-4472-a1f1-56bf637adc82/snap,2018-12-14T13:10:11Z
0420524949924489b9b2f5fc2d1ffb49,gslb-rtp,https://cloud-rtp-1.cisco.com:5000/v3,6e952411-13f6-43e5-8a92-b9de0cbbc0f6,controller-17.2.14-9128,private,True,rbd://8ca1baff-4227-449c-868a-2836d8798581/cloud-rtp-1-fab3-glance/6e952411-13f6-43e5-8a92-b9de0cbbc0f6/snap,2019-02-13T22:34:23Z
0420524949924489b9b2f5fc2d1ffb49,gslb-rtp,https://cloud-rtp-1.cisco.com:5000/v3,32ba5037-64d5-4f6c-81c5-6e7a9d935b4a,controller-17.2.13-9168,private,True,rbd://8ca1baff-4227-449c-868a-2836d8798581/cloud-rtp-1-fab3-glance/32ba5037-64d5-4f6c-81c5-6e7a9d935b4a/snap,2018-12-07T00:45:30Z
05ce976d16494da584c7fc402736960e,CX Labs SOC API,https://cloud-rtp-1.cisco.com:5000/v3,03fa29ea-30e8-427d-b805-5110d1f6dab3,Ubuntu Cloud 18.04,private,True,rbd://8ca1baff-4227-449c-868a-2836d8798581/cloud-rtp-1-fab3-glance/03fa29ea-30e8-427d-b805-5110d1f6dab3/snap,2019-01-29T23:11:11Z
f8cdafc8861b4e0ab29362101c9c63ce,SSO-POC-FIP-NET,https://cloud-rtp-1.cisco.com:5000/v3,9169b54e-78f5-4a80-81d8-2c83fffbd1d0,CentOS-7-Generic,private,True,rbd://8ca1baff-4227-449c-868a-2836d8798581/cloud-rtp-1-fab3-glance/9169b54e-78f5-4a80-81d8-2c83fffbd1d0/snap,2018-08-28T19:20:38Z
785634f33bad4c8caadbb9f5baa796c7,mcmp-dev-1,https://cloud-rtp-1.cisco.com:5000/v3,6f7dd451-d885-4d2f-8e90-0a28fa9d0372,RHEL-7_4-MG,private,True,rbd://8ca1baff-4227-449c-868a-2836d8798581/cloud-rtp-1-fab3-glance/6f7dd451-d885-4d2f-8e90-0a28fa9d0372/snap,2019-02-17T04:14:04Z
0b05b56429914a7a9eef391573c54bb5,CIPS BizMgmt,https://cloud-rtp-1.cisco.com:5000/v3,b5a0e429-6c73-4ff4-b92d-05c592ca3267,existing_spencer_scripting_6_14,private,True,rbd://8ca1baff-4227-449c-868a-2836d8798581/cloud-rtp-1-fab3-glance/b5a0e429-6c73-4ff4-b92d-05c592ca3267/snap,2018-06-14T20:41:42Z
785634f33bad4c8caadbb9f5baa796c7,mgd-val-poc,https://cloud-rtp-1.cisco.com:5000/v3,6f7dd451-d885-4d2f-8e90-0a28fa9d0372,RHEL-7_4-MG,private,True,rbd://8ca1baff-4227-449c-868a-2836d8798581/cloud-rtp-1-fab3-glance/6f7dd451-d885-4d2f-8e90-0a28fa9d0372/snap,2019-02-17T04:14:04Z
10c6464ca380486c9c2fd77cbbcf7796,modelapp,https://cloud-rtp-1.cisco.com:5000/v3,4bf9caf6-4e31-44be-b7ba-4571720833a6,ubuntu-18.04-Generic,private,True,rbd://8ca1baff-4227-449c-868a-2836d8798581/cloud-rtp-1-fab3-glance/4bf9caf6-4e31-44be-b7ba-4571720833a6/snap,2018-07-13T11:59:38Z
178dd10c1de74228a6c72bcab4c2d2d4,clouddb-automation,https://cloud-rtp-1.cisco.com:5000/v3,ae895ff9-93d1-44a3-b8c1-91642731abbe,sb-test1-ss,private,True,rbd://8ca1baff-4227-449c-868a-2836d8798581/cloud-rtp-1-fab3-glance/ae895ff9-93d1-44a3-b8c1-91642731abbe/snap,2018-03-29T18:50:31Z
f8cdafc8861b4e0ab29362101c9c63ce,clouddb-automation,https://cloud-rtp-1.cisco.com:5000/v3,f55eb102-1319-461f-9fdc-702134ab2dad,RHEL-7_4-SELFMG,private,True,rbd://8ca1baff-4227-449c-868a-2836d8798581/cloud-rtp-1-fab3-glance/f55eb102-1319-461f-9fdc-702134ab2dad/snap,2018-08-28T18:20:36Z
789546cbd91e4c4b9c912064a8aa1b02,clouddb-automation,https://cloud-rtp-1.cisco.com:5000/v3,345cd4f2-5f5d-4c99-a101-b933601441da,RHEL-7_4-MG-OLD,private,True,rbd://8ca1baff-4227-449c-868a-2836d8798581/cloud-rtp-1-fab3-glance/345cd4f2-5f5d-4c99-a101-b933601441da/snap,2018-08-23T02:12:56Z
789546cbd91e4c4b9c912064a8aa1b02,internal-direct-net-devops,https://cloud-rtp-1.cisco.com:5000/v3,345cd4f2-5f5d-4c99-a101-b933601441da,RHEL-7_4-MG-OLD,private,True,rbd://8ca1baff-4227-449c-868a-2836d8798581/cloud-rtp-1-fab3-glance/345cd4f2-5f5d-4c99-a101-b933601441da/snap,2018-08-23T02:12:56Z
785634f33bad4c8caadbb9f5baa796c7,internal-direct-net-devops,https://cloud-rtp-1.cisco.com:5000/v3,6f7dd451-d885-4d2f-8e90-0a28fa9d0372,RHEL-7_4-MG,private,True,rbd://8ca1baff-4227-449c-868a-2836d8798581/cloud-rtp-1-fab3-glance/6f7dd451-d885-4d2f-8e90-0a28fa9d0372/snap,2019-02-17T04:14:04Z
1be9223c4ad4485a9255fddd2487e4a4,internal-direct-net-devops,https://cloud-rtp-1.cisco.com:5000/v3,4f8076eb-ac40-4182-95c1-f96dce36d7cd,Aurora-RHEL6-30,private,True,rbd://8ca1baff-4227-449c-868a-2836d8798581/cloud-rtp-1-fab3-glance/4f8076eb-ac40-4182-95c1-f96dce36d7cd/snap,2018-07-16T16:38:39Z
1be9223c4ad4485a9255fddd2487e4a4,internal-direct-net-devops,https://cloud-rtp-1.cisco.com:5000/v3,2259e60f-2ac7-496f-b7e9-f4c2f6b94f70,RHEL-6_9-LAE-Debug-wesun,private,True,rbd://8ca1baff-4227-449c-868a-2836d8798581/cloud-rtp-1-fab3-glance/2259e60f-2ac7-496f-b7e9-f4c2f6b94f70/snap,2018-11-27T20:43:42Z
1be9223c4ad4485a9255fddd2487e4a4,internal-direct-net-devops,https://cloud-rtp-1.cisco.com:5000/v3,4a29c599-6dad-4f2a-bfb6-27756dda79f1,snapshot-for-test11,private,True,rbd://8ca1baff-4227-449c-868a-2836d8798581/cloud-rtp-1-fab3-glance/4a29c599-6dad-4f2a-bfb6-27756dda79f1/snap,2019-01-17T06:44:07Z
1e7c7b5a1ef942fbafadebd00cd4cf95,tmx-api-dev,https://cloud-rtp-1.cisco.com:5000/v3,8095ee6b-4b2b-484c-a049-d7268020ac6a,tmstack-builder-snap1,private,True,rbd://8ca1baff-4227-449c-868a-2836d8798581/cloud-rtp-1-fab3-glance/8095ee6b-4b2b-484c-a049-d7268020ac6a/snap,2018-10-02T16:02:41Z
1e7c7b5a1ef942fbafadebd00cd4cf95,tmx-api-dev,https://cloud-rtp-1.cisco.com:5000/v3,2d61fa8b-327a-4c51-91f3-db0db31ddd08,tmstack-20181005,private,True,rbd://8ca1baff-4227-449c-868a-2836d8798581/cloud-rtp-1-fab3-glance/2d61fa8b-327a-4c51-91f3-db0db31ddd08/snap,2018-10-08T15:31:14Z
785634f33bad4c8caadbb9f5baa796c7,MCMPPD-PRD-RTP,https://cloud-rtp-1.cisco.com:5000/v3,6f7dd451-d885-4d2f-8e90-0a28fa9d0372,RHEL-7_4-MG,private,True,rbd://8ca1baff-4227-449c-868a-2836d8798581/cloud-rtp-1-fab3-glance/6f7dd451-d885-4d2f-8e90-0a28fa9d0372/snap,2019-02-17T04:14:04Z
2df2440c081e4297a469870259701a96,ACE Plus RTP,https://cloud-rtp-1.cisco.com:5000/v3,c61f8311-67be-45d6-9765-ef06cecabdfa,abc_Centos6_worker4.9,private,True,rbd://8ca1baff-4227-449c-868a-2836d8798581/cloud-rtp-1-fab3-glance/c61f8311-67be-45d6-9765-ef06cecabdfa/snap,2018-06-04T05:24:24Z
2df2440c081e4297a469870259701a96,ACE Plus RTP,https://cloud-rtp-1.cisco.com:5000/v3,d3106fb3-b414-4355-8303-a9648ae272a5,test-ova,private,True,rbd://8ca1baff-4227-449c-868a-2836d8798581/cloud-rtp-1-fab3-glance/d3106fb3-b414-4355-8303-a9648ae272a5/snap,2018-08-28T18:20:28Z
2df2440c081e4297a469870259701a96,ACE Plus RTP,https://cloud-rtp-1.cisco.com:5000/v3,f9e9db1c-b780-496a-bd99-dee7a9629fb9,Centos6-Minimal,private,True,rbd://8ca1baff-4227-449c-868a-2836d8798581/cloud-rtp-1-fab3-glance/f9e9db1c-b780-496a-bd99-dee7a9629fb9/snap,2018-06-25T15:24:34Z
2df2440c081e4297a469870259701a96,ACE Plus RTP,https://cloud-rtp-1.cisco.com:5000/v3,43aea811-672b-4701-9580-cf40965d0aab,Test-Centos6,private,True,rbd://8ca1baff-4227-449c-868a-2836d8798581/cloud-rtp-1-fab3-glance/43aea811-672b-4701-9580-cf40965d0aab/snap,2018-04-17T09:39:34Z
2df2440c081e4297a469870259701a96,ACE Plus RTP,https://cloud-rtp-1.cisco.com:5000/v3,51fd4af7-4458-4347-a552-794da8cf4a27,Openstack-Centos6,private,True,rbd://8ca1baff-4227-449c-868a-2836d8798581/cloud-rtp-1-fab3-glance/51fd4af7-4458-4347-a552-794da8cf4a27/snap,2018-04-17T11:05:02Z
2df2440c081e4297a469870259701a96,ACE Plus RTP,https://cloud-rtp-1.cisco.com:5000/v3,5505e0f2-70c2-4d15-a586-7e54c9b70c6f,CentOS7_CCO,private,True,rbd://8ca1baff-4227-449c-868a-2836d8798581/cloud-rtp-1-fab3-glance/5505e0f2-70c2-4d15-a586-7e54c9b70c6f/snap,2018-04-18T15:30:09Z
2df2440c081e4297a469870259701a96,ACE Plus RTP,https://cloud-rtp-1.cisco.com:5000/v3,fc4d3320-f592-4e6d-8bae-f6af6bb75c77,CentOS7_CCM,private,True,rbd://8ca1baff-4227-449c-868a-2836d8798581/cloud-rtp-1-fab3-glance/fc4d3320-f592-4e6d-8bae-f6af6bb75c77/snap,2018-04-18T17:52:36Z
2df2440c081e4297a469870259701a96,ACE Plus RTP,https://cloud-rtp-1.cisco.com:5000/v3,c6263458-b235-42ca-9fd1-5f825fe92698,centos7_CCO_v4.9,private,True,rbd://8ca1baff-4227-449c-868a-2836d8798581/cloud-rtp-1-fab3-glance/c6263458-b235-42ca-9fd1-5f825fe92698/snap,2018-04-25T20:26:18Z
2df2440c081e4297a469870259701a96,ACE Plus RTP,https://cloud-rtp-1.cisco.com:5000/v3,4720290d-f854-442c-a338-96f8046b6320,Centos7_Message,private,True,rbd://8ca1baff-4227-449c-868a-2836d8798581/cloud-rtp-1-fab3-glance/4720290d-f854-442c-a338-96f8046b6320/snap,2018-04-18T08:08:40Z
335d1f009ffb42e9af4ac5ba1e7b49c8,cnaap-rtp-001,https://cloud-rtp-1.cisco.com:5000/v3,aa5df2ba-e6e4-41de-8e8c-9519b06c2512,cnaap-rtp-001-a_01-18-2019,private,True,rbd://8ca1baff-4227-449c-868a-2836d8798581/cloud-rtp-1-fab3-glance/aa5df2ba-e6e4-41de-8e8c-9519b06c2512/snap,2019-01-18T17:53:25Z
785634f33bad4c8caadbb9f5baa796c7,MCMP-STG,https://cloud-rtp-1.cisco.com:5000/v3,6f7dd451-d885-4d2f-8e90-0a28fa9d0372,RHEL-7_4-MG,private,True,rbd://8ca1baff-4227-449c-868a-2836d8798581/cloud-rtp-1-fab3-glance/6f7dd451-d885-4d2f-8e90-0a28fa9d0372/snap,2019-02-17T04:14:04Z
380bff38e6e44de49b252694f7b5abe9,trfmdv-npd-rtp,https://cloud-rtp-1.cisco.com:5000/v3,489bdf10-c5b3-4675-8495-ee1dd423788a,RHEL7-SELFMG-SB,private,True,rbd://8ca1baff-4227-449c-868a-2836d8798581/cloud-rtp-1-fab3-glance/489bdf10-c5b3-4675-8495-ee1dd423788a/snap,2018-06-06T06:32:57Z
380bff38e6e44de49b252694f7b5abe9,trfmdv-npd-rtp,https://cloud-rtp-1.cisco.com:5000/v3,12eaa00d-710f-4ad4-b752-09f35404736a,sb-mg-1-ss,private,True,rbd://8ca1baff-4227-449c-868a-2836d8798581/cloud-rtp-1-fab3-glance/12eaa00d-710f-4ad4-b752-09f35404736a/snap,2018-09-13T15:07:55Z
380bff38e6e44de49b252694f7b5abe9,trfmdv-npd-rtp,https://cloud-rtp-1.cisco.com:5000/v3,295ecf42-816c-4238-ba42-5c2e8d3a4cac,rhel74-base-vm-ss,private,True,rbd://8ca1baff-4227-449c-868a-2836d8798581/cloud-rtp-1-fab3-glance/295ecf42-816c-4238-ba42-5c2e8d3a4cac/snap,2018-04-04T03:18:38Z
380bff38e6e44de49b252694f7b5abe9,trfmdv-npd-rtp,https://cloud-rtp-1.cisco.com:5000/v3,51cf8fac-1828-485f-a71f-594dcc95782c,sb-test-05-snap,private,True,rbd://8ca1baff-4227-449c-868a-2836d8798581/cloud-rtp-1-fab3-glance/51cf8fac-1828-485f-a71f-594dcc95782c/snap,2018-07-10T23:40:35Z
f8cdafc8861b4e0ab29362101c9c63ce,trfmdv-npd-rtp,https://cloud-rtp-1.cisco.com:5000/v3,10893dd1-272c-4a07-8c4a-b9e8987671d3,RHEL-7.4-BASE-20170821,private,True,rbd://8ca1baff-4227-449c-868a-2836d8798581/cloud-rtp-1-fab3-glance/10893dd1-272c-4a07-8c4a-b9e8987671d3/snap,2018-04-03T20:23:52Z
380bff38e6e44de49b252694f7b5abe9,trfmdv-npd-rtp,https://cloud-rtp-1.cisco.com:5000/v3,050fe548-72a6-426a-be5c-ae33244d6922,sb-base-snap,private,True,rbd://8ca1baff-4227-449c-868a-2836d8798581/cloud-rtp-1-fab3-glance/050fe548-72a6-426a-be5c-ae33244d6922/snap,2018-04-03T21:53:28Z
789546cbd91e4c4b9c912064a8aa1b02,trfmdv-npd-rtp,https://cloud-rtp-1.cisco.com:5000/v3,8e57212e-66fc-454a-8830-e72e6a235f2b,RHEL-7_4-PROD,private,True,rbd://8ca1baff-4227-449c-868a-2836d8798581/cloud-rtp-1-fab3-glance/8e57212e-66fc-454a-8830-e72e6a235f2b/snap,2018-11-03T02:28:18Z
380bff38e6e44de49b252694f7b5abe9,trfmdv-npd-rtp,https://cloud-rtp-1.cisco.com:5000/v3,044235ab-207d-4c32-b963-241222969880,RHEL-7.4-SB-TEST,private,True,rbd://8ca1baff-4227-449c-868a-2836d8798581/cloud-rtp-1-fab3-glance/044235ab-207d-4c32-b963-241222969880/snap,2018-04-03T22:11:41Z
380bff38e6e44de49b252694f7b5abe9,trfmdv-npd-rtp,https://cloud-rtp-1.cisco.com:5000/v3,7ecb4711-28ed-421c-a1b0-e8ecd43636a6,sb1-sbit2-dev3-1-ss,private,True,rbd://8ca1baff-4227-449c-868a-2836d8798581/cloud-rtp-1-fab3-glance/7ecb4711-28ed-421c-a1b0-e8ecd43636a6/snap,2018-09-25T15:24:05Z
789546cbd91e4c4b9c912064a8aa1b02,trfmdv-npd-rtp,https://cloud-rtp-1.cisco.com:5000/v3,9aa7d528-2363-489f-af6e-ab85cfc5ee49,RHEL-7_4-PROD-11-02-2018-SB,private,True,rbd://8ca1baff-4227-449c-868a-2836d8798581/cloud-rtp-1-fab3-glance/9aa7d528-2363-489f-af6e-ab85cfc5ee49/snap,2018-11-03T02:27:07Z
380bff38e6e44de49b252694f7b5abe9,trfmdv-npd-rtp,https://cloud-rtp-1.cisco.com:5000/v3,d688196b-661a-4035-a88e-606ec6a354c8,RHEL-7.4-SB-TEST3,private,True,rbd://8ca1baff-4227-449c-868a-2836d8798581/cloud-rtp-1-fab3-glance/d688196b-661a-4035-a88e-606ec6a354c8/snap,2018-04-04T01:28:10Z
380bff38e6e44de49b252694f7b5abe9,trfmdv-npd-rtp,https://cloud-rtp-1.cisco.com:5000/v3,3a703737-d6c3-4674-ae65-0274d4f84661,sb-base3-ss,private,True,rbd://8ca1baff-4227-449c-868a-2836d8798581/cloud-rtp-1-fab3-glance/3a703737-d6c3-4674-ae65-0274d4f84661/snap,2018-04-04T01:11:28Z
380bff38e6e44de49b252694f7b5abe9,trfmdv-npd-rtp,https://cloud-rtp-1.cisco.com:5000/v3,0604fef6-fba2-4d86-a26c-23989b8a52d2,RHEL-7.4-IT,private,True,rbd://8ca1baff-4227-449c-868a-2836d8798581/cloud-rtp-1-fab3-glance/0604fef6-fba2-4d86-a26c-23989b8a52d2/snap,2018-08-23T00:57:10Z
49897ff34c4c4bcda42d1d1a881f8c5b,IAM Dashboard,https://cloud-rtp-1.cisco.com:5000/v3,8bd66aa4-df3c-4a97-816d-bb13fbc94951,test-snap,private,True,rbd://8ca1baff-4227-449c-868a-2836d8798581/cloud-rtp-1-fab3-glance/8bd66aa4-df3c-4a97-816d-bb13fbc94951/snap,2018-09-25T18:57:23Z
4cd2fa18b7eb4106b1201642e041343c,documentation,https://cloud-rtp-1.cisco.com:5000/v3,d50533bc-b926-4ee5-acfc-856a9fa57605,testing-snap,private,True,rbd://8ca1baff-4227-449c-868a-2836d8798581/cloud-rtp-1-fab3-glance/d50533bc-b926-4ee5-acfc-856a9fa57605/snap,2018-04-12T16:51:51Z
4cd2fa18b7eb4106b1201642e041343c,documentation,https://cloud-rtp-1.cisco.com:5000/v3,c26a353c-7f08-4d38-af02-6d180f94f6ab,stress-image,private,True,rbd://8ca1baff-4227-449c-868a-2836d8798581/cloud-rtp-1-fab3-glance/c26a353c-7f08-4d38-af02-6d180f94f6ab/snap,2018-01-31T16:18:13Z
785634f33bad4c8caadbb9f5baa796c7,EB-DEV-POC,https://cloud-rtp-1.cisco.com:5000/v3,6f7dd451-d885-4d2f-8e90-0a28fa9d0372,RHEL-7_4-MG,private,True,rbd://8ca1baff-4227-449c-868a-2836d8798581/cloud-rtp-1-fab3-glance/6f7dd451-d885-4d2f-8e90-0a28fa9d0372/snap,2019-02-17T04:14:04Z
785634f33bad4c8caadbb9f5baa796c7,MCMP-DEV,https://cloud-rtp-1.cisco.com:5000/v3,6f7dd451-d885-4d2f-8e90-0a28fa9d0372,RHEL-7_4-MG,private,True,rbd://8ca1baff-4227-449c-868a-2836d8798581/cloud-rtp-1-fab3-glance/6f7dd451-d885-4d2f-8e90-0a28fa9d0372/snap,2019-02-17T04:14:04Z
785634f33bad4c8caadbb9f5baa796c7,lglprd-prd-rtp,https://cloud-rtp-1.cisco.com:5000/v3,6f7dd451-d885-4d2f-8e90-0a28fa9d0372,RHEL-7_4-MG,private,True,rbd://8ca1baff-4227-449c-868a-2836d8798581/cloud-rtp-1-fab3-glance/6f7dd451-d885-4d2f-8e90-0a28fa9d0372/snap,2019-02-17T04:14:04Z
785634f33bad4c8caadbb9f5baa796c7,GSLOPC-NPD-RTP,https://cloud-rtp-1.cisco.com:5000/v3,6f7dd451-d885-4d2f-8e90-0a28fa9d0372,RHEL-7_4-MG,private,True,rbd://8ca1baff-4227-449c-868a-2836d8798581/cloud-rtp-1-fab3-glance/6f7dd451-d885-4d2f-8e90-0a28fa9d0372/snap,2019-02-17T04:14:04Z
785634f33bad4c8caadbb9f5baa796c7,OPL-App-Stg,https://cloud-rtp-1.cisco.com:5000/v3,6f7dd451-d885-4d2f-8e90-0a28fa9d0372,RHEL-7_4-MG,private,True,rbd://8ca1baff-4227-449c-868a-2836d8798581/cloud-rtp-1-fab3-glance/6f7dd451-d885-4d2f-8e90-0a28fa9d0372/snap,2019-02-17T04:14:04Z
706419a8e3794fd9a20e3e15c913a89c,cxdp-sandbox,https://cloud-rtp-1.cisco.com:5000/v3,1f3cefcd-0254-49ff-846a-9af0cf366f07,CentOS-7-Generic,private,True,,2018-12-14T02:29:49Z
706419a8e3794fd9a20e3e15c913a89c,cxdp-sandbox,https://cloud-rtp-1.cisco.com:5000/v3,656789f2-ac94-4dae-98e6-fe2bb392906b,CentOS-7-Generic,private,True,rbd://8ca1baff-4227-449c-868a-2836d8798581/cloud-rtp-1-fab3-glance/656789f2-ac94-4dae-98e6-fe2bb392906b/snap,2018-12-14T08:20:31Z
706419a8e3794fd9a20e3e15c913a89c,cxdp-sandbox,https://cloud-rtp-1.cisco.com:5000/v3,a900d532-4960-4287-8b55-657bb8373ded,coreos_production,private,True,rbd://8ca1baff-4227-449c-868a-2836d8798581/cloud-rtp-1-fab3-glance/a900d532-4960-4287-8b55-657bb8373ded/snap,2018-12-14T00:04:28Z
71b5ad6ad5874db0b38455b67e5f72dc,ngcs-ops-tools,https://cloud-rtp-1.cisco.com:5000/v3,fccf7807-62aa-4c7a-aa74-116d08435a28,trythecloud-volume-image,private,True,rbd://8ca1baff-4227-449c-868a-2836d8798581/cloud-rtp-1-fab3-glance/fccf7807-62aa-4c7a-aa74-116d08435a28/snap,2018-09-21T21:33:12Z
71b5ad6ad5874db0b38455b67e5f72dc,ngcs-ops-tools,https://cloud-rtp-1.cisco.com:5000/v3,6d9412e7-d709-467a-9c0b-c6f37a273094,Fedora-Cloud-Base-27,private,True,rbd://8ca1baff-4227-449c-868a-2836d8798581/cloud-rtp-1-fab3-glance/6d9412e7-d709-467a-9c0b-c6f37a273094/snap,2018-04-17T14:39:30Z
71b5ad6ad5874db0b38455b67e5f72dc,ngcs-ops-tools,https://cloud-rtp-1.cisco.com:5000/v3,696acd89-af0d-4517-9af6-6a49fe637339,rancherOS,private,True,rbd://8ca1baff-4227-449c-868a-2836d8798581/cloud-rtp-1-fab3-glance/696acd89-af0d-4517-9af6-6a49fe637339/snap,2018-04-16T19:37:22Z
71b5ad6ad5874db0b38455b67e5f72dc,ngcs-ops-tools,https://cloud-rtp-1.cisco.com:5000/v3,431f500e-82fe-47c2-ac82-0ec2ec24c658,ubuntu_1804_bionic,private,True,rbd://8ca1baff-4227-449c-868a-2836d8798581/cloud-rtp-1-fab3-glance/431f500e-82fe-47c2-ac82-0ec2ec24c658/snap,2018-04-27T13:05:16Z
71b5ad6ad5874db0b38455b67e5f72dc,ngcs-ops-tools,https://cloud-rtp-1.cisco.com:5000/v3,fc265e2f-a5f0-4973-b02d-d470f12b32e5,rancheros-openstack_1_3_0,private,True,rbd://8ca1baff-4227-449c-868a-2836d8798581/cloud-rtp-1-fab3-glance/fc265e2f-a5f0-4973-b02d-d470f12b32e5/snap,2018-04-17T14:08:29Z
724a1b156c5249838044a4308532d893,DCC-OpenStack,https://cloud-rtp-1.cisco.com:5000/v3,e1922e3a-de8f-46f7-8209-9b9b2b179e36,ADworks_poc2,private,True,rbd://8ca1baff-4227-449c-868a-2836d8798581/cloud-rtp-1-fab3-glance/e1922e3a-de8f-46f7-8209-9b9b2b179e36/snap,2018-07-16T13:40:43Z
724a1b156c5249838044a4308532d893,DCC-OpenStack,https://cloud-rtp-1.cisco.com:5000/v3,418cef38-a9cf-48dd-9643-2b6f9fa236ee,adi-test-snap,private,True,rbd://8ca1baff-4227-449c-868a-2836d8798581/cloud-rtp-1-fab3-glance/418cef38-a9cf-48dd-9643-2b6f9fa236ee/snap,2018-05-16T06:38:16Z
785634f33bad4c8caadbb9f5baa796c7,DCC-OpenStack,https://cloud-rtp-1.cisco.com:5000/v3,6f7dd451-d885-4d2f-8e90-0a28fa9d0372,RHEL-7_4-MG,private,True,rbd://8ca1baff-4227-449c-868a-2836d8798581/cloud-rtp-1-fab3-glance/6f7dd451-d885-4d2f-8e90-0a28fa9d0372/snap,2019-02-17T04:14:04Z
724a1b156c5249838044a4308532d893,DCC-OpenStack,https://cloud-rtp-1.cisco.com:5000/v3,f94178a7-d52a-4ad4-acf7-0d55a43eeb87,before_poc,private,True,rbd://8ca1baff-4227-449c-868a-2836d8798581/cloud-rtp-1-fab3-glance/f94178a7-d52a-4ad4-acf7-0d55a43eeb87/snap,2018-06-14T18:19:50Z
724a1b156c5249838044a4308532d893,DCC-OpenStack,https://cloud-rtp-1.cisco.com:5000/v3,27a54a36-16fb-4b91-9658-835b1bc0c974,Before_poc_july12,private,True,rbd://8ca1baff-4227-449c-868a-2836d8798581/cloud-rtp-1-fab3-glance/27a54a36-16fb-4b91-9658-835b1bc0c974/snap,2018-07-12T20:07:29Z
785634f33bad4c8caadbb9f5baa796c7,OPL-LT,https://cloud-rtp-1.cisco.com:5000/v3,6f7dd451-d885-4d2f-8e90-0a28fa9d0372,RHEL-7_4-MG,private,True,rbd://8ca1baff-4227-449c-868a-2836d8798581/cloud-rtp-1-fab3-glance/6f7dd451-d885-4d2f-8e90-0a28fa9d0372/snap,2019-02-17T04:14:04Z
88bbc52dda344c5abc34a6f67ab6b2a1,SSO-Private-0.6-RTP,https://cloud-rtp-1.cisco.com:5000/v3,9ca2d3dd-9445-4e6e-816b-ff11acf27903,sdp6-dev-csco-cloud-k8s-master-2,private,True,rbd://8ca1baff-4227-449c-868a-2836d8798581/cloud-rtp-1-fab3-glance/9ca2d3dd-9445-4e6e-816b-ff11acf27903/snap,2019-01-03T22:40:58Z
9328d829c16c4e3b9acf90e04845a78d,RTP build project,https://cloud-rtp-1.cisco.com:5000/v3,4c39b141-319a-4236-a846-ea8acf553111,RHEL-7_5_u3-vendorbase,private,True,rbd://8ca1baff-4227-449c-868a-2836d8798581/cloud-rtp-1-fab3-glance/4c39b141-319a-4236-a846-ea8acf553111/snap,2019-02-20T18:24:49Z
9328d829c16c4e3b9acf90e04845a78d,RTP build project,https://cloud-rtp-1.cisco.com:5000/v3,4cfb2ac9-59f9-462b-bbaa-95e79d7affff,UBUNTU-16_04-ciscobase,private,True,rbd://8ca1baff-4227-449c-868a-2836d8798581/cloud-rtp-1-fab3-glance/4cfb2ac9-59f9-462b-bbaa-95e79d7affff/snap,2019-02-18T10:52:52Z
9328d829c16c4e3b9acf90e04845a78d,RTP build project,https://cloud-rtp-1.cisco.com:5000/v3,1e3c7f1f-c697-4794-8b72-e75b898ea457,RHEL-7_5-ciscobase,private,True,rbd://8ca1baff-4227-449c-868a-2836d8798581/cloud-rtp-1-fab3-glance/1e3c7f1f-c697-4794-8b72-e75b898ea457/snap,2019-01-31T20:07:09Z
9328d829c16c4e3b9acf90e04845a78d,RTP build project,https://cloud-rtp-1.cisco.com:5000/v3,1655c9fc-2ed5-4e70-bac7-68c73de5715d,RHEL-7_5-selfmg,private,True,rbd://8ca1baff-4227-449c-868a-2836d8798581/cloud-rtp-1-fab3-glance/1655c9fc-2ed5-4e70-bac7-68c73de5715d/snap,2019-02-11T04:22:32Z
9328d829c16c4e3b9acf90e04845a78d,RTP build project,https://cloud-rtp-1.cisco.com:5000/v3,a3c10944-b830-4b32-a9e9-1234b2f20ced,RHEL-7_5_u1-vendorbase,private,True,rbd://8ca1baff-4227-449c-868a-2836d8798581/cloud-rtp-1-fab3-glance/a3c10944-b830-4b32-a9e9-1234b2f20ced/snap,2019-02-20T18:24:14Z
9328d829c16c4e3b9acf90e04845a78d,RTP build project,https://cloud-rtp-1.cisco.com:5000/v3,783301c8-5b84-4e78-a167-a21a38396da4,RHEL-7_5_u0-vendorbase,private,True,rbd://8ca1baff-4227-449c-868a-2836d8798581/cloud-rtp-1-fab3-glance/783301c8-5b84-4e78-a167-a21a38396da4/snap,2019-02-21T05:43:36Z
9328d829c16c4e3b9acf90e04845a78d,RTP build project,https://cloud-rtp-1.cisco.com:5000/v3,f2b1bf35-c041-486c-9eec-a47c844e77fc,RHEL-7_6-ciscobase,private,True,rbd://8ca1baff-4227-449c-868a-2836d8798581/cloud-rtp-1-fab3-glance/f2b1bf35-c041-486c-9eec-a47c844e77fc/snap,2019-02-12T22:09:27Z
9328d829c16c4e3b9acf90e04845a78d,RTP build project,https://cloud-rtp-1.cisco.com:5000/v3,8448a130-4f59-4940-896e-80ab91cccaa9,RHEL-7_6-ciscobase,private,True,rbd://8ca1baff-4227-449c-868a-2836d8798581/cloud-rtp-1-fab3-glance/8448a130-4f59-4940-896e-80ab91cccaa9/snap,2019-02-12T22:24:05Z
9328d829c16c4e3b9acf90e04845a78d,RTP build project,https://cloud-rtp-1.cisco.com:5000/v3,89974251-0f78-42c2-aed5-3f38f62ec135,RHEL-7_4-vendorbase,private,True,rbd://8ca1baff-4227-449c-868a-2836d8798581/cloud-rtp-1-fab3-glance/89974251-0f78-42c2-aed5-3f38f62ec135/snap,2019-01-30T17:27:44Z
9328d829c16c4e3b9acf90e04845a78d,RTP build project,https://cloud-rtp-1.cisco.com:5000/v3,9aac92d0-9cc9-40ce-9c67-4559bb8e4ad8,RHEL-7_5-selfmg,private,True,rbd://8ca1baff-4227-449c-868a-2836d8798581/cloud-rtp-1-fab3-glance/9aac92d0-9cc9-40ce-9c67-4559bb8e4ad8/snap,2018-11-20T07:35:49Z
9328d829c16c4e3b9acf90e04845a78d,RTP build project,https://cloud-rtp-1.cisco.com:5000/v3,717ca5a0-880e-4efd-8508-28e197525419,RHEL-7_6-ciscobase,private,True,rbd://8ca1baff-4227-449c-868a-2836d8798581/cloud-rtp-1-fab3-glance/717ca5a0-880e-4efd-8508-28e197525419/snap,2019-02-12T22:13:01Z
9328d829c16c4e3b9acf90e04845a78d,RTP build project,https://cloud-rtp-1.cisco.com:5000/v3,e071bcef-1c74-4920-8db9-3a95d10fe423,UBUNTU-16_04-ciscobase,private,True,rbd://8ca1baff-4227-449c-868a-2836d8798581/cloud-rtp-1-fab3-glance/e071bcef-1c74-4920-8db9-3a95d10fe423/snap,2019-02-18T12:50:34Z
9328d829c16c4e3b9acf90e04845a78d,RTP build project,https://cloud-rtp-1.cisco.com:5000/v3,7e432f9a-d5b8-45b5-84eb-ef02b57cbf68,RHEL-7_5-vendorbase,private,True,rbd://8ca1baff-4227-449c-868a-2836d8798581/cloud-rtp-1-fab3-glance/7e432f9a-d5b8-45b5-84eb-ef02b57cbf68/snap,2019-01-30T17:24:22Z
9328d829c16c4e3b9acf90e04845a78d,RTP build project,https://cloud-rtp-1.cisco.com:5000/v3,e297973e-2c91-4172-a60d-5b6d30e36811,RHEL-7_5-ciscobase,private,True,rbd://8ca1baff-4227-449c-868a-2836d8798581/cloud-rtp-1-fab3-glance/e297973e-2c91-4172-a60d-5b6d30e36811/snap,2019-02-06T22:07:40Z
95e28bfe67bc4c59b5bdd1b830967787,CICD-POC,https://cloud-rtp-1.cisco.com:5000/v3,a25ee13d-f682-45b0-83fb-122c73206dd4,CoDE-CentOS-7-x86_64-GenericCloud-1805,private,True,rbd://8ca1baff-4227-449c-868a-2836d8798581/cloud-rtp-1-fab3-glance/a25ee13d-f682-45b0-83fb-122c73206dd4/snap,2018-08-17T15:30:03Z
785634f33bad4c8caadbb9f5baa796c7,IAC-Demo,https://cloud-rtp-1.cisco.com:5000/v3,6f7dd451-d885-4d2f-8e90-0a28fa9d0372,RHEL-7_4-MG,private,True,rbd://8ca1baff-4227-449c-868a-2836d8798581/cloud-rtp-1-fab3-glance/6f7dd451-d885-4d2f-8e90-0a28fa9d0372/snap,2019-02-17T04:14:04Z
785634f33bad4c8caadbb9f5baa796c7,OPL-Dev,https://cloud-rtp-1.cisco.com:5000/v3,6f7dd451-d885-4d2f-8e90-0a28fa9d0372,RHEL-7_4-MG,private,True,rbd://8ca1baff-4227-449c-868a-2836d8798581/cloud-rtp-1-fab3-glance/6f7dd451-d885-4d2f-8e90-0a28fa9d0372/snap,2019-02-17T04:14:04Z
9a95bba6d9f4439b85d2e4739a8f234d,OPL-Dev,https://cloud-rtp-1.cisco.com:5000/v3,51a22637-9d35-4976-bfd6-c04178a2a8ae,snap-opl-eslog-dev-001,private,True,rbd://8ca1baff-4227-449c-868a-2836d8798581/cloud-rtp-1-fab3-glance/51a22637-9d35-4976-bfd6-c04178a2a8ae/snap,2018-07-05T10:11:45Z
a260f264c7eb470690bdcbc3c08fa877,LTaaS-POC,https://cloud-rtp-1.cisco.com:5000/v3,7d8801aa-361c-4ce6-8949-1de5636143e1,PerformanceTesting_Image_Latest,private,True,rbd://8ca1baff-4227-449c-868a-2836d8798581/cloud-rtp-1-fab3-glance/7d8801aa-361c-4ce6-8949-1de5636143e1/snap,2018-05-06T06:23:42Z
a260f264c7eb470690bdcbc3c08fa877,LTaaS-POC,https://cloud-rtp-1.cisco.com:5000/v3,318a6359-d911-4cca-8204-65a5bb263a79,LTaaS_sw_img,private,True,rbd://8ca1baff-4227-449c-868a-2836d8798581/cloud-rtp-1-fab3-glance/318a6359-d911-4cca-8204-65a5bb263a79/snap,2018-05-06T06:53:26Z
a46f46882e214a99865b1c08dad6260b,EngIT-POC,https://cloud-rtp-1.cisco.com:5000/v3,0d942265-e31e-4d9d-bba6-59d378923c6a,BensCentos7.4,private,True,rbd://8ca1baff-4227-449c-868a-2836d8798581/cloud-rtp-1-fab3-glance/0d942265-e31e-4d9d-bba6-59d378923c6a/snap,2018-09-11T18:33:16Z
a46f46882e214a99865b1c08dad6260b,EngIT-POC,https://cloud-rtp-1.cisco.com:5000/v3,260bcab9-0b41-4b58-96f4-8523dda06771,am-centos7.5-docker18.06,private,True,rbd://8ca1baff-4227-449c-868a-2836d8798581/cloud-rtp-1-fab3-glance/260bcab9-0b41-4b58-96f4-8523dda06771/snap,2018-07-24T14:09:19Z
a46f46882e214a99865b1c08dad6260b,EngIT-POC,https://cloud-rtp-1.cisco.com:5000/v3,061b5155-026b-490b-916f-b3f2307d276e,BensGlusterK8sClusterMaster,private,True,rbd://8ca1baff-4227-449c-868a-2836d8798581/cloud-rtp-1-fab3-glance/061b5155-026b-490b-916f-b3f2307d276e/snap,2018-08-28T14:20:47Z
a46f46882e214a99865b1c08dad6260b,EngIT-POC,https://cloud-rtp-1.cisco.com:5000/v3,a9513936-24de-4bdb-946b-65056562227e,centos7-docker-openjdk,private,True,rbd://8ca1baff-4227-449c-868a-2836d8798581/cloud-rtp-1-fab3-glance/a9513936-24de-4bdb-946b-65056562227e/snap,2018-12-18T22:06:09Z
a46f46882e214a99865b1c08dad6260b,EngIT-POC,https://cloud-rtp-1.cisco.com:5000/v3,d7590db9-4285-4080-8ffd-ccdc775d2508,ectd1,private,True,rbd://8ca1baff-4227-449c-868a-2836d8798581/cloud-rtp-1-fab3-glance/d7590db9-4285-4080-8ffd-ccdc775d2508/snap,2018-06-13T15:34:11Z
a46f46882e214a99865b1c08dad6260b,EngIT-POC,https://cloud-rtp-1.cisco.com:5000/v3,305ebec2-9b68-48ef-8050-93d98bf36c89,base-4k8s-centos7-docker18.06ce,private,True,rbd://8ca1baff-4227-449c-868a-2836d8798581/cloud-rtp-1-fab3-glance/305ebec2-9b68-48ef-8050-93d98bf36c89/snap,2018-09-24T12:40:01Z
a46f46882e214a99865b1c08dad6260b,EngIT-POC,https://cloud-rtp-1.cisco.com:5000/v3,c2c0d295-be23-48b0-862c-6be2bbe1a987,Centos7.4-Private,private,True,rbd://8ca1baff-4227-449c-868a-2836d8798581/cloud-rtp-1-fab3-glance/c2c0d295-be23-48b0-862c-6be2bbe1a987/snap,2018-09-11T19:04:41Z
a5267e538614461486b5e4c94af236a6,ECE-NPRD,https://cloud-rtp-1.cisco.com:5000/v3,a3768cb2-84a6-46dc-ad63-8885c1ca408c,ece-p-1-snapshot,private,True,rbd://8ca1baff-4227-449c-868a-2836d8798581/cloud-rtp-1-fab3-glance/a3768cb2-84a6-46dc-ad63-8885c1ca408c/snap,2018-09-06T01:35:16Z
a7790159ccf24642a3ffb01d72786732,internal-fip-net-devops,https://cloud-rtp-1.cisco.com:5000/v3,e99e5d67-2f8c-4ddb-b5c0-406d0c3e2078,RHEL-7_4-ENG,private,True,rbd://8ca1baff-4227-449c-868a-2836d8798581/cloud-rtp-1-fab3-glance/e99e5d67-2f8c-4ddb-b5c0-406d0c3e2078/snap,2018-07-02T17:23:33Z
ab2a8be79b704e81aeec6b90c2cdfdd0,CD-Services,https://cloud-rtp-1.cisco.com:5000/v3,ff84e7d9-d2fe-4c35-9a97-063bd3b5f89b,SnapShotTest,private,True,rbd://8ca1baff-4227-449c-868a-2836d8798581/cloud-rtp-1-fab3-glance/ff84e7d9-d2fe-4c35-9a97-063bd3b5f89b/snap,2019-01-08T19:24:11Z
785634f33bad4c8caadbb9f5baa796c7,bgladden-internal-direct-net,https://cloud-rtp-1.cisco.com:5000/v3,6f7dd451-d885-4d2f-8e90-0a28fa9d0372,RHEL-7_4-MG,private,True,rbd://8ca1baff-4227-449c-868a-2836d8798581/cloud-rtp-1-fab3-glance/6f7dd451-d885-4d2f-8e90-0a28fa9d0372/snap,2019-02-17T04:14:04Z
b0281e4b917b4536a731565e5655f7e5,US-AS-ATT,https://cloud-rtp-1.cisco.com:5000/v3,d9b52c26-cc11-4a53-8a56-3b7af8d37fee,cps18,private,True,rbd://8ca1baff-4227-449c-868a-2836d8798581/cloud-rtp-1-fab3-glance/d9b52c26-cc11-4a53-8a56-3b7af8d37fee/snap,2018-02-18T09:41:22Z
785634f33bad4c8caadbb9f5baa796c7,OPL-PRD-APP-RTP,https://cloud-rtp-1.cisco.com:5000/v3,6f7dd451-d885-4d2f-8e90-0a28fa9d0372,RHEL-7_4-MG,private,True,rbd://8ca1baff-4227-449c-868a-2836d8798581/cloud-rtp-1-fab3-glance/6f7dd451-d885-4d2f-8e90-0a28fa9d0372/snap,2019-02-17T04:14:04Z
785634f33bad4c8caadbb9f5baa796c7,EPSDEV-NPD-RTP,https://cloud-rtp-1.cisco.com:5000/v3,6f7dd451-d885-4d2f-8e90-0a28fa9d0372,RHEL-7_4-MG,private,True,rbd://8ca1baff-4227-449c-868a-2836d8798581/cloud-rtp-1-fab3-glance/6f7dd451-d885-4d2f-8e90-0a28fa9d0372/snap,2019-02-17T04:14:04Z
c8e711ec08454bcfa1f05e1d01e6b91e,CD-Services-STAGE,https://cloud-rtp-1.cisco.com:5000/v3,5ca77bac-7e27-4ea8-bad8-6db10f17fde7,s3-servmon-snapshot,private,True,rbd://8ca1baff-4227-449c-868a-2836d8798581/cloud-rtp-1-fab3-glance/5ca77bac-7e27-4ea8-bad8-6db10f17fde7/snap,2018-10-25T22:20:58Z
c8e711ec08454bcfa1f05e1d01e6b91e,CD-Services-STAGE,https://cloud-rtp-1.cisco.com:5000/v3,21b6c99f-5f70-4c3d-818a-e762738a11ab,xenial-server-cloudimg-amd64-disk1,private,True,rbd://8ca1baff-4227-449c-868a-2836d8798581/cloud-rtp-1-fab3-glance/21b6c99f-5f70-4c3d-818a-e762738a11ab/snap,2018-10-16T18:42:20Z
785634f33bad4c8caadbb9f5baa796c7,OPL-Stage,https://cloud-rtp-1.cisco.com:5000/v3,6f7dd451-d885-4d2f-8e90-0a28fa9d0372,RHEL-7_4-MG,private,True,rbd://8ca1baff-4227-449c-868a-2836d8798581/cloud-rtp-1-fab3-glance/6f7dd451-d885-4d2f-8e90-0a28fa9d0372/snap,2019-02-17T04:14:04Z
cab99f68b26e4d538be0ebf89836b4a0,SSO-Devops,https://cloud-rtp-1.cisco.com:5000/v3,8e04c752-7b1b-4a24-a127-d4d43a00aed4,Container-Linux,private,True,rbd://8ca1baff-4227-449c-868a-2836d8798581/cloud-rtp-1-fab3-glance/8e04c752-7b1b-4a24-a127-d4d43a00aed4/snap,2018-10-10T20:08:49Z
cd09271ceb8b4581ad7e645d790a0b48,platform3-demo-app,https://cloud-rtp-1.cisco.com:5000/v3,3667ce81-a523-4df8-a40f-f11734c025b4,Demo-App-CentOS-7-OLD-20180605-034248,private,True,rbd://8ca1baff-4227-449c-868a-2836d8798581/cloud-rtp-1-fab3-glance/3667ce81-a523-4df8-a40f-f11734c025b4/snap,2018-06-05T03:46:19Z
380bff38e6e44de49b252694f7b5abe9,platform3-demo-app,https://cloud-rtp-1.cisco.com:5000/v3,489bdf10-c5b3-4675-8495-ee1dd423788a,RHEL7-SELFMG-SB,private,True,rbd://8ca1baff-4227-449c-868a-2836d8798581/cloud-rtp-1-fab3-glance/489bdf10-c5b3-4675-8495-ee1dd423788a/snap,2018-06-06T06:32:57Z
cd09271ceb8b4581ad7e645d790a0b48,platform3-demo-app,https://cloud-rtp-1.cisco.com:5000/v3,28bfae5c-0cac-4481-b334-0304ea933875,Demo-App-CentOS-7-OLD-20180324-150836,private,True,rbd://8ca1baff-4227-449c-868a-2836d8798581/cloud-rtp-1-fab3-glance/28bfae5c-0cac-4481-b334-0304ea933875/snap,2018-03-24T15:09:42Z
cd09271ceb8b4581ad7e645d790a0b48,platform3-demo-app,https://cloud-rtp-1.cisco.com:5000/v3,5f3ca91b-9e26-4e64-928f-2bbfbb688d9b,Demo-App-CentOS-7-OLD-20180603-061931,private,True,rbd://8ca1baff-4227-449c-868a-2836d8798581/cloud-rtp-1-fab3-glance/5f3ca91b-9e26-4e64-928f-2bbfbb688d9b/snap,2018-06-03T06:22:57Z
cd09271ceb8b4581ad7e645d790a0b48,platform3-demo-app,https://cloud-rtp-1.cisco.com:5000/v3,09e1976b-916d-4d00-b244-49c00a58ea94,managed_image-OLD-20180816-103934,private,True,rbd://8ca1baff-4227-449c-868a-2836d8798581/cloud-rtp-1-fab3-glance/09e1976b-916d-4d00-b244-49c00a58ea94/snap,2018-08-16T14:39:41Z
cd09271ceb8b4581ad7e645d790a0b48,platform3-demo-app,https://cloud-rtp-1.cisco.com:5000/v3,f2bc0761-b109-408d-b1fc-424554415fba,managed_image,private,True,rbd://8ca1baff-4227-449c-868a-2836d8798581/cloud-rtp-1-fab3-glance/f2bc0761-b109-408d-b1fc-424554415fba/snap,2018-08-16T14:39:42Z
d86c865ec79e4e8bb37ed67c22b9a6af,EPS-ADMIN-RTP,https://cloud-rtp-1.cisco.com:5000/v3,86f884a9-324b-4282-bade-a6081b384b31,coreos,private,True,rbd://8ca1baff-4227-449c-868a-2836d8798581/cloud-rtp-1-fab3-glance/86f884a9-324b-4282-bade-a6081b384b31/snap,2019-01-29T23:20:45Z
785634f33bad4c8caadbb9f5baa796c7,IMCSTG-NPD-RTP,https://cloud-rtp-1.cisco.com:5000/v3,6f7dd451-d885-4d2f-8e90-0a28fa9d0372,RHEL-7_4-MG,private,True,rbd://8ca1baff-4227-449c-868a-2836d8798581/cloud-rtp-1-fab3-glance/6f7dd451-d885-4d2f-8e90-0a28fa9d0372/snap,2019-02-17T04:14:04Z
e378759301ed41c1925b6be17ffaaf06,openstack-qa-tenant-1,https://cloud-rtp-1.cisco.com:5000/v3,d8160899-0e7e-463d-b6a8-b1615699a016,sanity_cirros,private,True,rbd://8ca1baff-4227-449c-868a-2836d8798581/cloud-rtp-1-fab3-glance/d8160899-0e7e-463d-b6a8-b1615699a016/snap,2018-04-06T16:22:20Z
785634f33bad4c8caadbb9f5baa796c7,ESGNDV-NPD-RTP,https://cloud-rtp-1.cisco.com:5000/v3,6f7dd451-d885-4d2f-8e90-0a28fa9d0372,RHEL-7_4-MG,private,True,rbd://8ca1baff-4227-449c-868a-2836d8798581/cloud-rtp-1-fab3-glance/6f7dd451-d885-4d2f-8e90-0a28fa9d0372/snap,2019-02-17T04:14:04Z
f8cdafc8861b4e0ab29362101c9c63ce,SSO-HONJO-PROD,https://cloud-rtp-1.cisco.com:5000/v3,9169b54e-78f5-4a80-81d8-2c83fffbd1d0,CentOS-7-Generic,private,True,rbd://8ca1baff-4227-449c-868a-2836d8798581/cloud-rtp-1-fab3-glance/9169b54e-78f5-4a80-81d8-2c83fffbd1d0/snap,2018-08-28T19:20:38Z
785634f33bad4c8caadbb9f5baa796c7,OPL-PRD-DB-RTP,https://cloud-rtp-1.cisco.com:5000/v3,6f7dd451-d885-4d2f-8e90-0a28fa9d0372,RHEL-7_4-MG,private,True,rbd://8ca1baff-4227-449c-868a-2836d8798581/cloud-rtp-1-fab3-glance/6f7dd451-d885-4d2f-8e90-0a28fa9d0372/snap,2019-02-17T04:14:04Z
1329ebbc1b9646b890202384beaef2ec,Phuoc,https://cloud-rcdn-1.cisco.com:5000/v3,98c4a99d-38df-4b28-9c80-b93dc88ae536,snapshot_csb_vm3,private,True,rbd://1bd66bea-b813-488f-b271-e79cacc3833a/cloud-rcdn-1-fab3-glance/98c4a99d-38df-4b28-9c80-b93dc88ae536/snap,2019-02-05T20:27:45Z
1329ebbc1b9646b890202384beaef2ec,Phuoc,https://cloud-rcdn-1.cisco.com:5000/v3,a52500a5-206c-4e10-b46a-9a5aa9627832,test_image,private,True,rbd://1bd66bea-b813-488f-b271-e79cacc3833a/cloud-rcdn-1-fab3-glance/a52500a5-206c-4e10-b46a-9a5aa9627832/snap,2019-01-02T19:31:38Z
1b5db01395f4431eb44f5fc75cffde6a,opl-prd-db-rcdn,https://cloud-rcdn-1.cisco.com:5000/v3,020d09b6-b3c9-4704-97bf-44335ecf22f6,RHEL-7_4-MG,private,True,rbd://1bd66bea-b813-488f-b271-e79cacc3833a/cloud-rcdn-1-fab3-glance/020d09b6-b3c9-4704-97bf-44335ecf22f6/snap,2019-02-12T17:49:39Z
1b5db01395f4431eb44f5fc75cffde6a,CDB-AUT-RCDN,https://cloud-rcdn-1.cisco.com:5000/v3,020d09b6-b3c9-4704-97bf-44335ecf22f6,RHEL-7_4-MG,private,True,rbd://1bd66bea-b813-488f-b271-e79cacc3833a/cloud-rcdn-1-fab3-glance/020d09b6-b3c9-4704-97bf-44335ecf22f6/snap,2019-02-12T17:49:39Z
1b2050626b074f6c9e53967c58ead93e,STO Ops,https://cloud-rcdn-1.cisco.com:5000/v3,b5cc7d62-a80a-4870-924f-5f744991b1a8,ubuntu16.04-reg-20190130-1,private,True,rbd://1bd66bea-b813-488f-b271-e79cacc3833a/cloud-rcdn-1-fab3-glance/b5cc7d62-a80a-4870-924f-5f744991b1a8/snap,2019-01-30T19:48:26Z
1b2050626b074f6c9e53967c58ead93e,STO Ops,https://cloud-rcdn-1.cisco.com:5000/v3,2742dc6a-0774-405e-83f3-3ccb15fb7a43,ubuntu16.04-reg-20190211-1,private,True,rbd://1bd66bea-b813-488f-b271-e79cacc3833a/cloud-rcdn-1-fab3-glance/2742dc6a-0774-405e-83f3-3ccb15fb7a43/snap,2019-02-11T20:58:51Z
1b2050626b074f6c9e53967c58ead93e,STO Ops,https://cloud-rcdn-1.cisco.com:5000/v3,b621bb50-59bb-41ee-a4f6-2f6729578e57,centos7-c3m-20190206-1,private,True,rbd://1bd66bea-b813-488f-b271-e79cacc3833a/cloud-rcdn-1-fab3-glance/b621bb50-59bb-41ee-a4f6-2f6729578e57/snap,2019-02-06T15:29:46Z
1b2050626b074f6c9e53967c58ead93e,STO Ops,https://cloud-rcdn-1.cisco.com:5000/v3,84da8bc8-9267-4d4d-afba-c9c3e9dea6a7,ubuntu16.04-ansible-20190104-1,private,True,rbd://1bd66bea-b813-488f-b271-e79cacc3833a/cloud-rcdn-1-fab3-glance/84da8bc8-9267-4d4d-afba-c9c3e9dea6a7/snap,2019-01-04T16:36:05Z
1b2050626b074f6c9e53967c58ead93e,STO Ops,https://cloud-rcdn-1.cisco.com:5000/v3,2ca4c3e0-86e6-424a-a76a-7d7bd5e71e97,freebsd-c3m-20190213-1,private,True,rbd://1bd66bea-b813-488f-b271-e79cacc3833a/cloud-rcdn-1-fab3-glance/2ca4c3e0-86e6-424a-a76a-7d7bd5e71e97/snap,2019-02-13T15:26:23Z
1b2050626b074f6c9e53967c58ead93e,STO Ops,https://cloud-rcdn-1.cisco.com:5000/v3,3eda7c0f-2ce1-423d-ac79-9cbbca952729,UBUNTU-16.04-CORE-20180504-PLEASE_DO_NOT_RENAME_MANUALLY,private,True,rbd://1bd66bea-b813-488f-b271-e79cacc3833a/cloud-rcdn-1-fab3-glance/3eda7c0f-2ce1-423d-ac79-9cbbca952729/snap,2018-12-19T15:21:25Z
1b2050626b074f6c9e53967c58ead93e,STO Ops,https://cloud-rcdn-1.cisco.com:5000/v3,74ae0310-1b07-44a7-8319-cd1bd3df8d37,freebsd-c3m-20190212-3,private,True,rbd://1bd66bea-b813-488f-b271-e79cacc3833a/cloud-rcdn-1-fab3-glance/74ae0310-1b07-44a7-8319-cd1bd3df8d37/snap,2019-02-12T20:51:16Z
1b2050626b074f6c9e53967c58ead93e,STO Ops,https://cloud-rcdn-1.cisco.com:5000/v3,ed96c77e-455c-4425-870a-514db4b70cdc,WINDOWS-10-CORE,private,True,rbd://1bd66bea-b813-488f-b271-e79cacc3833a/cloud-rcdn-1-fab3-glance/ed96c77e-455c-4425-870a-514db4b70cdc/snap,2019-01-15T15:21:45Z
1b2050626b074f6c9e53967c58ead93e,STO Ops,https://cloud-rcdn-1.cisco.com:5000/v3,a102efd2-d9b6-48ea-b21b-3c7896cfb05f,win10-reg-20190221-1,private,True,rbd://1bd66bea-b813-488f-b271-e79cacc3833a/cloud-rcdn-1-fab3-glance/a102efd2-d9b6-48ea-b21b-3c7896cfb05f/snap,2019-02-21T16:41:17Z
1b2050626b074f6c9e53967c58ead93e,STO Ops,https://cloud-rcdn-1.cisco.com:5000/v3,bc434940-5f46-4373-a759-cc929f854f7e,ubuntu18.04-ansible,private,True,rbd://1bd66bea-b813-488f-b271-e79cacc3833a/cloud-rcdn-1-fab3-glance/bc434940-5f46-4373-a759-cc929f854f7e/snap,2019-01-22T20:52:58Z
21221f19e4634ffcbafaa4ca93168f28,ITPE-PROD-RCDN,https://cloud-rcdn-1.cisco.com:5000/v3,291e87f4-b873-48d4-9078-f112901c1baa,iac-test3-before-agent-run,private,True,rbd://1bd66bea-b813-488f-b271-e79cacc3833a/cloud-rcdn-1-fab3-glance/291e87f4-b873-48d4-9078-f112901c1baa/snap,2018-09-04T13:36:27Z
21221f19e4634ffcbafaa4ca93168f28,ITPE-PROD-RCDN,https://cloud-rcdn-1.cisco.com:5000/v3,e00e47aa-a58f-4b38-8b67-ad813e4ac638,working-before-resize,private,True,rbd://1bd66bea-b813-488f-b271-e79cacc3833a/cloud-rcdn-1-fab3-glance/e00e47aa-a58f-4b38-8b67-ad813e4ac638/snap,2018-08-29T06:56:34Z
24cd948b7dcd4b89a7a68a7b7ab3e301,Action Orchestrator BETA- IT Dev,https://cloud-rcdn-1.cisco.com:5000/v3,ebb4ba8c-3ec4-42b1-bdfd-a5d3c6d89ac0,ao-installer-praghav-948,private,True,rbd://1bd66bea-b813-488f-b271-e79cacc3833a/cloud-rcdn-1-fab3-glance/ebb4ba8c-3ec4-42b1-bdfd-a5d3c6d89ac0/snap,2018-12-13T07:16:58Z
24cd948b7dcd4b89a7a68a7b7ab3e301,Action Orchestrator BETA- IT Dev,https://cloud-rcdn-1.cisco.com:5000/v3,ad9768b8-a89d-4932-ae87-47c022580e80,ao-installer-praghav-937,private,True,rbd://1bd66bea-b813-488f-b271-e79cacc3833a/cloud-rcdn-1-fab3-glance/ad9768b8-a89d-4932-ae87-47c022580e80/snap,2018-12-12T05:27:10Z
1b5db01395f4431eb44f5fc75cffde6a,lglprd-prd-rcdn,https://cloud-rcdn-1.cisco.com:5000/v3,020d09b6-b3c9-4704-97bf-44335ecf22f6,RHEL-7_4-MG,private,True,rbd://1bd66bea-b813-488f-b271-e79cacc3833a/cloud-rcdn-1-fab3-glance/020d09b6-b3c9-4704-97bf-44335ecf22f6/snap,2019-02-12T17:49:39Z
1b5db01395f4431eb44f5fc75cffde6a,ESGNDV-NPD-RCDN,https://cloud-rcdn-1.cisco.com:5000/v3,020d09b6-b3c9-4704-97bf-44335ecf22f6,RHEL-7_4-MG,private,True,rbd://1bd66bea-b813-488f-b271-e79cacc3833a/cloud-rcdn-1-fab3-glance/020d09b6-b3c9-4704-97bf-44335ecf22f6/snap,2019-02-12T17:49:39Z
61e58852eb13471b81d65081c30f9533,Actions Orchestrator IT-Dev,https://cloud-rcdn-1.cisco.com:5000/v3,9ac4875b-4ee3-43c1-962f-63eef2e1e78b,ao-installer-shaun,private,True,rbd://1bd66bea-b813-488f-b271-e79cacc3833a/cloud-rcdn-1-fab3-glance/9ac4875b-4ee3-43c1-962f-63eef2e1e78b/snap,2018-11-01T11:29:47Z
65274be6d0dd4e7cbec6302c66679180,cnaap-rcdn-001,https://cloud-rcdn-1.cisco.com:5000/v3,993e9293-9ba7-4e88-a3d0-76aa060acd64,cnaap-rcdn-001-a_27-11-2018,private,True,rbd://1bd66bea-b813-488f-b271-e79cacc3833a/cloud-rcdn-1-fab3-glance/993e9293-9ba7-4e88-a3d0-76aa060acd64/snap,2018-11-27T20:28:09Z
65274be6d0dd4e7cbec6302c66679180,cnaap-rcdn-001,https://cloud-rcdn-1.cisco.com:5000/v3,d32df2dd-98c8-409e-9346-b9f9de1486a4,cnaap-rcdn-001-a_01-18-2019,private,True,rbd://1bd66bea-b813-488f-b271-e79cacc3833a/cloud-rcdn-1-fab3-glance/d32df2dd-98c8-409e-9346-b9f9de1486a4/snap,2019-01-18T17:50:32Z
65274be6d0dd4e7cbec6302c66679180,cnaap-rcdn-001,https://cloud-rcdn-1.cisco.com:5000/v3,7022e2ce-6e1a-439b-81d4-138695369ddb,cnaap-rcdn-001-b_27-11-2018,private,True,rbd://1bd66bea-b813-488f-b271-e79cacc3833a/cloud-rcdn-1-fab3-glance/7022e2ce-6e1a-439b-81d4-138695369ddb/snap,2018-11-27T20:19:51Z
65274be6d0dd4e7cbec6302c66679180,cnaap-rcdn-001,https://cloud-rcdn-1.cisco.com:5000/v3,c4a4f25e-4eec-4f49-bab6-e16d1af0e991,cnaap-rcdn-001-b_01-18-2019,private,True,rbd://1bd66bea-b813-488f-b271-e79cacc3833a/cloud-rcdn-1-fab3-glance/c4a4f25e-4eec-4f49-bab6-e16d1af0e991/snap,2019-01-18T17:49:41Z
1b5db01395f4431eb44f5fc75cffde6a,OPL-PRD-APP-RCDN,https://cloud-rcdn-1.cisco.com:5000/v3,020d09b6-b3c9-4704-97bf-44335ecf22f6,RHEL-7_4-MG,private,True,rbd://1bd66bea-b813-488f-b271-e79cacc3833a/cloud-rcdn-1-fab3-glance/020d09b6-b3c9-4704-97bf-44335ecf22f6/snap,2019-02-12T17:49:39Z
1b5db01395f4431eb44f5fc75cffde6a,IMCSTG-NPD-RCDN,https://cloud-rcdn-1.cisco.com:5000/v3,020d09b6-b3c9-4704-97bf-44335ecf22f6,RHEL-7_4-MG,private,True,rbd://1bd66bea-b813-488f-b271-e79cacc3833a/cloud-rcdn-1-fab3-glance/020d09b6-b3c9-4704-97bf-44335ecf22f6/snap,2019-02-12T17:49:39Z
81694ee3e5994022bdcb3f3bcce36903,centos7,https://cloud-rcdn-1.cisco.com:5000/v3,6dc0c0e1-fa48-4dbd-90e6-2f004cd07803,centos7-docker-built,private,True,rbd://1bd66bea-b813-488f-b271-e79cacc3833a/cloud-rcdn-1-fab3-glance/6dc0c0e1-fa48-4dbd-90e6-2f004cd07803/snap,2019-02-07T15:54:31Z
894f4ecd46b64e73a7f0fc2d8a118df4,internal-fip-net-devops,https://cloud-rcdn-1.cisco.com:5000/v3,df388c9e-90cd-4274-a9a1-c4054b8d0e0b,cirros-0.4.0,private,True,rbd://1bd66bea-b813-488f-b271-e79cacc3833a/cloud-rcdn-1-fab3-glance/df388c9e-90cd-4274-a9a1-c4054b8d0e0b/snap,2018-07-11T15:24:12Z
c50bf7e8978243a2b1adedc8f4f5397f,internal-direct-net-devops,https://cloud-rcdn-1.cisco.com:5000/v3,70785b00-de67-4115-afdc-7c2dedbc7f35,Aurora-CEL6.20-3,private,True,rbd://1bd66bea-b813-488f-b271-e79cacc3833a/cloud-rcdn-1-fab3-glance/70785b00-de67-4115-afdc-7c2dedbc7f35/snap,2018-10-20T13:59:13Z
c50bf7e8978243a2b1adedc8f4f5397f,internal-direct-net-devops,https://cloud-rcdn-1.cisco.com:5000/v3,01132652-d616-4193-9d7e-65c624a02a72,RHEL-7_4-ENG,private,True,rbd://1bd66bea-b813-488f-b271-e79cacc3833a/cloud-rcdn-1-fab3-glance/01132652-d616-4193-9d7e-65c624a02a72/snap,2018-10-20T13:48:24Z
d121e3aad5424505a91ffa3f25acb04d,openstack-qa-tenant-1,https://cloud-rcdn-1.cisco.com:5000/v3,1098283d-9781-4822-a4ce-b37a150d5cb0,s_rally_6ca22fa7_ITJVNONK,private,True,rbd://1bd66bea-b813-488f-b271-e79cacc3833a/cloud-rcdn-1-fab3-glance/1098283d-9781-4822-a4ce-b37a150d5cb0/snap,2018-05-19T05:05:32Z
d121e3aad5424505a91ffa3f25acb04d,openstack-qa-tenant-1,https://cloud-rcdn-1.cisco.com:5000/v3,1ed7ba78-f71e-4954-8554-3e72ae3c07f4,s_rally_6ca22fa7_G599l8zy,private,True,rbd://1bd66bea-b813-488f-b271-e79cacc3833a/cloud-rcdn-1-fab3-glance/1ed7ba78-f71e-4954-8554-3e72ae3c07f4/snap,2018-05-19T05:05:32Z
d121e3aad5424505a91ffa3f25acb04d,openstack-qa-tenant-1,https://cloud-rcdn-1.cisco.com:5000/v3,4c102fe8-8aac-46a4-9ffe-53bf036c5834,s_rally_6ca22fa7_tkzRxWIy,private,True,rbd://1bd66bea-b813-488f-b271-e79cacc3833a/cloud-rcdn-1-fab3-glance/4c102fe8-8aac-46a4-9ffe-53bf036c5834/snap,2018-05-19T05:05:32Z
d121e3aad5424505a91ffa3f25acb04d,openstack-qa-tenant-1,https://cloud-rcdn-1.cisco.com:5000/v3,16bd679c-69d7-41ee-99e2-14f2aceb290e,s_rally_6ca22fa7_BJSWKdKK,private,True,rbd://1bd66bea-b813-488f-b271-e79cacc3833a/cloud-rcdn-1-fab3-glance/16bd679c-69d7-41ee-99e2-14f2aceb290e/snap,2018-05-19T05:05:33Z
d121e3aad5424505a91ffa3f25acb04d,openstack-qa-tenant-1,https://cloud-rcdn-1.cisco.com:5000/v3,093497db-af47-4ff3-a19a-1d86277ca649,s_rally_6ca22fa7_8GTpwCXF,private,True,rbd://1bd66bea-b813-488f-b271-e79cacc3833a/cloud-rcdn-1-fab3-glance/093497db-af47-4ff3-a19a-1d86277ca649/snap,2018-05-19T05:05:33Z
d48d8965c02d4701a634c5efe6def4c9,Actions Orchestrator Dev,https://cloud-rcdn-1.cisco.com:5000/v3,9bf8dfab-795a-4032-86d2-c951d07425ca,ao_installer,private,True,rbd://1bd66bea-b813-488f-b271-e79cacc3833a/cloud-rcdn-1-fab3-glance/9bf8dfab-795a-4032-86d2-c951d07425ca/snap,2018-10-29T18:06:32Z
d48d8965c02d4701a634c5efe6def4c9,Actions Orchestrator Dev,https://cloud-rcdn-1.cisco.com:5000/v3,b438b008-08f4-44e8-b40a-036db894122f,ao-installer-new,private,True,,2018-11-07T08:36:27Z
d48d8965c02d4701a634c5efe6def4c9,Actions Orchestrator Dev,https://cloud-rcdn-1.cisco.com:5000/v3,e0556aac-c22f-4f23-aa9e-304af8d6842c,ao-installer-new,private,True,,2018-11-07T08:39:13Z
df5b142820c740fb8f785232c69ac7d4,Impact Platform,https://cloud-rcdn-1.cisco.com:5000/v3,9d406160-a2ec-40bf-a420-8b57aba81b6e,WIN-2012-CLOUDBASE,private,True,rbd://1bd66bea-b813-488f-b271-e79cacc3833a/cloud-rcdn-1-fab3-glance/9d406160-a2ec-40bf-a420-8b57aba81b6e/snap,2018-11-12T19:39:30Z
e2367846feea46228dcb4c7f4ba6b1dc,gslb-rcdn,https://cloud-rcdn-1.cisco.com:5000/v3,f0fd87f3-b569-40e8-9b5d-a8f33a882374,controller-17.2.14-9128,private,True,rbd://1bd66bea-b813-488f-b271-e79cacc3833a/cloud-rcdn-1-fab3-glance/f0fd87f3-b569-40e8-9b5d-a8f33a882374/snap,2019-02-14T10:22:11Z
e2367846feea46228dcb4c7f4ba6b1dc,gslb-rcdn,https://cloud-rcdn-1.cisco.com:5000/v3,ecec6d28-e571-44a3-9e18-946f15afd5af,Avi-SE-17.2.13-9168-cloud-0037d703-edb4-4599-b86c-5d9df1840fe0-cluster-54b35411-9015-4d79-91ae-c87c6de62e20,private,True,rbd://1bd66bea-b813-488f-b271-e79cacc3833a/cloud-rcdn-1-fab3-glance/ecec6d28-e571-44a3-9e18-946f15afd5af/snap,2018-12-12T15:44:40Z
1b5db01395f4431eb44f5fc75cffde6a,opl-lt-db-rcdn,https://cloud-rcdn-1.cisco.com:5000/v3,020d09b6-b3c9-4704-97bf-44335ecf22f6,RHEL-7_4-MG,private,True,rbd://1bd66bea-b813-488f-b271-e79cacc3833a/cloud-rcdn-1-fab3-glance/020d09b6-b3c9-4704-97bf-44335ecf22f6/snap,2019-02-12T17:49:39Z
e6386026d8954f998fe32396ad1c1e92,uctg-galway,https://cloud-rcdn-1.cisco.com:5000/v3,9ad2d7c3-900d-4409-bd7c-817476389543,almadden-sse-no-config,private,True,rbd://1bd66bea-b813-488f-b271-e79cacc3833a/cloud-rcdn-1-fab3-glance/9ad2d7c3-900d-4409-bd7c-817476389543/snap,2019-01-25T10:48:55Z
e6386026d8954f998fe32396ad1c1e92,uctg-galway,https://cloud-rcdn-1.cisco.com:5000/v3,615eeded-e1c7-4b82-b99d-f693d16dd042,darren-mse-pre-install,private,True,rbd://1bd66bea-b813-488f-b271-e79cacc3833a/cloud-rcdn-1-fab3-glance/615eeded-e1c7-4b82-b99d-f693d16dd042/snap,2019-01-29T12:26:37Z
e6386026d8954f998fe32396ad1c1e92,uctg-galway,https://cloud-rcdn-1.cisco.com:5000/v3,fe61eb6f-3907-4995-a454-bd85d40d2985,FreshInstallSSEBinary,private,True,rbd://1bd66bea-b813-488f-b271-e79cacc3833a/cloud-rcdn-1-fab3-glance/fe61eb6f-3907-4995-a454-bd85d40d2985/snap,2019-01-24T11:29:23Z
e6386026d8954f998fe32396ad1c1e92,uctg-galway,https://cloud-rcdn-1.cisco.com:5000/v3,e2e7ec93-ca21-44b3-bb39-436f03062c9a,jenkins-slave,private,True,rbd://1bd66bea-b813-488f-b271-e79cacc3833a/cloud-rcdn-1-fab3-glance/e2e7ec93-ca21-44b3-bb39-436f03062c9a/snap,2019-01-17T19:35:05Z
e6386026d8954f998fe32396ad1c1e92,uctg-galway,https://cloud-rcdn-1.cisco.com:5000/v3,b01d7a50-d731-42f6-b04b-71cf89b23bf9,sorin-centos7-docker-built-3,private,True,rbd://1bd66bea-b813-488f-b271-e79cacc3833a/cloud-rcdn-1-fab3-glance/b01d7a50-d731-42f6-b04b-71cf89b23bf9/snap,2019-02-08T22:21:57Z
e6386026d8954f998fe32396ad1c1e92,uctg-galway,https://cloud-rcdn-1.cisco.com:5000/v3,2b5eab8c-4c00-490e-b60c-ec4db29db8ed,centos7-docker-built,private,True,rbd://1bd66bea-b813-488f-b271-e79cacc3833a/cloud-rcdn-1-fab3-glance/2b5eab8c-4c00-490e-b60c-ec4db29db8ed/snap,2019-02-13T16:59:48Z
e6386026d8954f998fe32396ad1c1e92,uctg-galway,https://cloud-rcdn-1.cisco.com:5000/v3,3ef9c36e-faae-482f-8d30-f49af77ca54a,ns1b.magni.working.180119,private,True,rbd://1bd66bea-b813-488f-b271-e79cacc3833a/cloud-rcdn-1-fab3-glance/3ef9c36e-faae-482f-8d30-f49af77ca54a/snap,2019-01-18T14:37:15Z
e6386026d8954f998fe32396ad1c1e92,uctg-galway,https://cloud-rcdn-1.cisco.com:5000/v3,e013bfb2-63e5-4599-a107-e00742246505,hedge-404593.raw,private,True,rbd://1bd66bea-b813-488f-b271-e79cacc3833a/cloud-rcdn-1-fab3-glance/e013bfb2-63e5-4599-a107-e00742246505/snap,2018-12-13T10:30:24Z
e6386026d8954f998fe32396ad1c1e92,uctg-galway,https://cloud-rcdn-1.cisco.com:5000/v3,d3e56e5f-f422-41fd-b9dd-f5175a4b2944,ns1a.magni.working.180119,private,True,rbd://1bd66bea-b813-488f-b271-e79cacc3833a/cloud-rcdn-1-fab3-glance/d3e56e5f-f422-41fd-b9dd-f5175a4b2944/snap,2019-01-18T14:36:37Z
e6386026d8954f998fe32396ad1c1e92,uctg-galway,https://cloud-rcdn-1.cisco.com:5000/v3,7f4952df-606f-4eb1-a31d-c152a6270ba4,as1a.magni.working.180119,private,True,rbd://1bd66bea-b813-488f-b271-e79cacc3833a/cloud-rcdn-1-fab3-glance/7f4952df-606f-4eb1-a31d-c152a6270ba4/snap,2019-01-18T14:33:22Z
e6386026d8954f998fe32396ad1c1e92,uctg-galway,https://cloud-rcdn-1.cisco.com:5000/v3,670070d9-76ef-46cf-82b6-86131020a597,as1a_osready,private,True,rbd://1bd66bea-b813-488f-b271-e79cacc3833a/cloud-rcdn-1-fab3-glance/670070d9-76ef-46cf-82b6-86131020a597/snap,2019-01-04T14:58:57Z
e6386026d8954f998fe32396ad1c1e92,uctg-galway,https://cloud-rcdn-1.cisco.com:5000/v3,378df455-d764-430f-8ecf-35d76d155386,as1b.magni.working.180119,private,True,rbd://1bd66bea-b813-488f-b271-e79cacc3833a/cloud-rcdn-1-fab3-glance/378df455-d764-430f-8ecf-35d76d155386/snap,2019-01-18T14:35:59Z
40c5f4dd8e2446f09371090d2f3b1c0e,EPSDEV-NPD-ALLN,https://cloud-alln-1.cisco.com:5000/v3,ef686a67-02c3-4736-ae74-3307df9cf2a0,RHEL-7_4-MG,private,True,rbd://2ebe50cd-d545-4763-bd9c-12a061c858a9/cloud-alln-1-fab3-glance/ef686a67-02c3-4736-ae74-3307df9cf2a0/snap,2019-02-07T15:13:28Z
40c5f4dd8e2446f09371090d2f3b1c0e,CDB-AUT-ALLN,https://cloud-alln-1.cisco.com:5000/v3,ef686a67-02c3-4736-ae74-3307df9cf2a0,RHEL-7_4-MG,private,True,rbd://2ebe50cd-d545-4763-bd9c-12a061c858a9/cloud-alln-1-fab3-glance/ef686a67-02c3-4736-ae74-3307df9cf2a0/snap,2019-02-07T15:13:28Z
40c5f4dd8e2446f09371090d2f3b1c0e,ESGNDV-NPD-ALLN,https://cloud-alln-1.cisco.com:5000/v3,ef686a67-02c3-4736-ae74-3307df9cf2a0,RHEL-7_4-MG,private,True,rbd://2ebe50cd-d545-4763-bd9c-12a061c858a9/cloud-alln-1-fab3-glance/ef686a67-02c3-4736-ae74-3307df9cf2a0/snap,2019-02-07T15:13:28Z
2ca261fe29744b71b7fefd1ca0812d93,B2C Development - Direct Connect Network,https://cloud-alln-1.cisco.com:5000/v3,84df1a28-9632-4610-b957-c1c3e49bd1b3,vm21,private,True,rbd://2ebe50cd-d545-4763-bd9c-12a061c858a9/cloud-alln-1-fab3-glance/84df1a28-9632-4610-b957-c1c3e49bd1b3/snap,2019-01-17T10:12:12Z
33b3f005bde44058b99bc577f59ad5a4,BCIPROD,https://cloud-alln-1.cisco.com:5000/v3,410bf849-a454-458b-8801-4818e6ebd520,cm-1,private,True,rbd://2ebe50cd-d545-4763-bd9c-12a061c858a9/cloud-alln-1-fab3-glance/410bf849-a454-458b-8801-4818e6ebd520/snap,2019-01-03T06:41:01Z
40c5f4dd8e2446f09371090d2f3b1c0e,IMCSTG-NPD-ALLN,https://cloud-alln-1.cisco.com:5000/v3,ef686a67-02c3-4736-ae74-3307df9cf2a0,RHEL-7_4-MG,private,True,rbd://2ebe50cd-d545-4763-bd9c-12a061c858a9/cloud-alln-1-fab3-glance/ef686a67-02c3-4736-ae74-3307df9cf2a0/snap,2019-02-07T15:13:28Z
9701d09f28484661b5d4168ac98b61ab,SDP-Private-Prod,https://cloud-alln-1.cisco.com:5000/v3,a597de9c-ac8a-49de-80ed-2cc1720f85c5,CentOS-7-Generic,private,True,rbd://2ebe50cd-d545-4763-bd9c-12a061c858a9/cloud-alln-1-fab3-glance/a597de9c-ac8a-49de-80ed-2cc1720f85c5/snap,2018-08-28T19:03:28Z
58488d33880844249bf5909378df07a8,cnaap-alln-001,https://cloud-alln-1.cisco.com:5000/v3,9ebea77d-adfa-4ae5-a4ed-b0060ace8889,cnaap-alln-001-c_27-11-2018,private,True,rbd://2ebe50cd-d545-4763-bd9c-12a061c858a9/cloud-alln-1-fab3-glance/9ebea77d-adfa-4ae5-a4ed-b0060ace8889/snap,2018-11-27T20:16:10Z
58488d33880844249bf5909378df07a8,cnaap-alln-001,https://cloud-alln-1.cisco.com:5000/v3,b565fdc7-1a69-430c-8411-05285a784b7b,cnaap-alln-001-a_27-11-2018,private,True,rbd://2ebe50cd-d545-4763-bd9c-12a061c858a9/cloud-alln-1-fab3-glance/b565fdc7-1a69-430c-8411-05285a784b7b/snap,2018-11-27T20:17:05Z
58488d33880844249bf5909378df07a8,cnaap-alln-001,https://cloud-alln-1.cisco.com:5000/v3,a3cdc8c4-7dcb-4529-956c-42c1f517e198,cnaap-alln-001-c_01-18-2019,private,True,rbd://2ebe50cd-d545-4763-bd9c-12a061c858a9/cloud-alln-1-fab3-glance/a3cdc8c4-7dcb-4529-956c-42c1f517e198/snap,2019-01-18T17:52:05Z
58488d33880844249bf5909378df07a8,cnaap-alln-001,https://cloud-alln-1.cisco.com:5000/v3,20b6987f-8328-441a-8a44-c28c692069cf,cnaap-alln-001-a_01-18-2019,private,True,rbd://2ebe50cd-d545-4763-bd9c-12a061c858a9/cloud-alln-1-fab3-glance/20b6987f-8328-441a-8a44-c28c692069cf/snap,2019-01-18T17:51:29Z
58488d33880844249bf5909378df07a8,cnaap-alln-001,https://cloud-alln-1.cisco.com:5000/v3,857ba123-d461-4da2-a7ec-4a4d13435f8c,cnaap-alln-001-d_01-18-2019,private,True,rbd://2ebe50cd-d545-4763-bd9c-12a061c858a9/cloud-alln-1-fab3-glance/857ba123-d461-4da2-a7ec-4a4d13435f8c/snap,2019-01-18T17:52:02Z
58488d33880844249bf5909378df07a8,cnaap-alln-001,https://cloud-alln-1.cisco.com:5000/v3,2ac9dfbd-63cc-4d7e-8e9d-c59d64df47a2,cnaap-alln-001-b_01-18-2019,private,True,rbd://2ebe50cd-d545-4763-bd9c-12a061c858a9/cloud-alln-1-fab3-glance/2ac9dfbd-63cc-4d7e-8e9d-c59d64df47a2/snap,2019-01-18T17:51:43Z
58488d33880844249bf5909378df07a8,cnaap-alln-001,https://cloud-alln-1.cisco.com:5000/v3,897f85d0-5399-4b9c-afae-8d1707a4fad1,cnaap-alln-001-d_27-11-2018,private,True,rbd://2ebe50cd-d545-4763-bd9c-12a061c858a9/cloud-alln-1-fab3-glance/897f85d0-5399-4b9c-afae-8d1707a4fad1/snap,2018-11-27T20:15:59Z
58488d33880844249bf5909378df07a8,cnaap-alln-001,https://cloud-alln-1.cisco.com:5000/v3,a5dbee0b-6390-42f6-82a7-0b7b876a1dd1,cnaap-alln-001-b_27-11-2018,private,True,rbd://2ebe50cd-d545-4763-bd9c-12a061c858a9/cloud-alln-1-fab3-glance/a5dbee0b-6390-42f6-82a7-0b7b876a1dd1/snap,2018-11-27T20:16:50Z
40c5f4dd8e2446f09371090d2f3b1c0e,CloudDB-Cassandra-OpsCenter-ALLN,https://cloud-alln-1.cisco.com:5000/v3,ef686a67-02c3-4736-ae74-3307df9cf2a0,RHEL-7_4-MG,private,True,rbd://2ebe50cd-d545-4763-bd9c-12a061c858a9/cloud-alln-1-fab3-glance/ef686a67-02c3-4736-ae74-3307df9cf2a0/snap,2019-02-07T15:13:28Z
40c5f4dd8e2446f09371090d2f3b1c0e,IAC-Demo,https://cloud-alln-1.cisco.com:5000/v3,ef686a67-02c3-4736-ae74-3307df9cf2a0,RHEL-7_4-MG,private,True,rbd://2ebe50cd-d545-4763-bd9c-12a061c858a9/cloud-alln-1-fab3-glance/ef686a67-02c3-4736-ae74-3307df9cf2a0/snap,2019-02-07T15:13:28Z
7ca8ed4a530a43afb129bd8e38d3b6bc,SSO-Private-0.6-ALLN,https://cloud-alln-1.cisco.com:5000/v3,3ada0be8-2b4f-454f-a070-c031543840fb,1.0-rn-demo,private,True,rbd://2ebe50cd-d545-4763-bd9c-12a061c858a9/cloud-alln-1-fab3-glance/3ada0be8-2b4f-454f-a070-c031543840fb/snap,2019-02-07T04:27:38Z
7ca8ed4a530a43afb129bd8e38d3b6bc,SSO-Private-0.6-ALLN,https://cloud-alln-1.cisco.com:5000/v3,f8e439c0-ffcc-4491-86d2-6c2e173192c5,KubeSpray,private,True,rbd://2ebe50cd-d545-4763-bd9c-12a061c858a9/cloud-alln-1-fab3-glance/f8e439c0-ffcc-4491-86d2-6c2e173192c5/snap,2018-09-18T18:55:47Z
7ca8ed4a530a43afb129bd8e38d3b6bc,SSO-Private-0.6-ALLN,https://cloud-alln-1.cisco.com:5000/v3,8ca9c11d-0bc3-4888-a7de-403825dd31f4,1234,private,True,rbd://2ebe50cd-d545-4763-bd9c-12a061c858a9/cloud-alln-1-fab3-glance/8ca9c11d-0bc3-4888-a7de-403825dd31f4/snap,2019-01-22T16:47:12Z
9701d09f28484661b5d4168ac98b61ab,SSO-Private-0.6-ALLN,https://cloud-alln-1.cisco.com:5000/v3,a597de9c-ac8a-49de-80ed-2cc1720f85c5,CentOS-7-Generic,private,True,rbd://2ebe50cd-d545-4763-bd9c-12a061c858a9/cloud-alln-1-fab3-glance/a597de9c-ac8a-49de-80ed-2cc1720f85c5/snap,2018-08-28T19:03:28Z
7ca8ed4a530a43afb129bd8e38d3b6bc,SSO-Private-0.6-ALLN,https://cloud-alln-1.cisco.com:5000/v3,83400c0d-435f-4712-8bef-41bddacf1e87,sdp-rn-p3-qa-Snapshot,private,True,rbd://2ebe50cd-d545-4763-bd9c-12a061c858a9/cloud-alln-1-fab3-glance/83400c0d-435f-4712-8bef-41bddacf1e87/snap,2018-09-01T20:28:42Z
7ca8ed4a530a43afb129bd8e38d3b6bc,SSO-Private-0.6-ALLN,https://cloud-alln-1.cisco.com:5000/v3,829c916c-d46a-4ba5-9364-fce155fc244f,1234,private,True,rbd://2ebe50cd-d545-4763-bd9c-12a061c858a9/cloud-alln-1-fab3-glance/829c916c-d46a-4ba5-9364-fce155fc244f/snap,2019-01-22T16:42:41Z
40c5f4dd8e2446f09371090d2f3b1c0e,OPL-PRD-APP-ALLN,https://cloud-alln-1.cisco.com:5000/v3,ef686a67-02c3-4736-ae74-3307df9cf2a0,RHEL-7_4-MG,private,True,rbd://2ebe50cd-d545-4763-bd9c-12a061c858a9/cloud-alln-1-fab3-glance/ef686a67-02c3-4736-ae74-3307df9cf2a0/snap,2019-02-07T15:13:28Z
90258063181343c29b93e05517e7b748,gslb-alln,https://cloud-alln-1.cisco.com:5000/v3,cb92c298-766e-451a-bc25-0a55a952b5e2,controller-17.2.14.9128,private,True,rbd://2ebe50cd-d545-4763-bd9c-12a061c858a9/cloud-alln-1-fab3-glance/cb92c298-766e-451a-bc25-0a55a952b5e2/snap,2019-02-14T13:47:04Z
90258063181343c29b93e05517e7b748,gslb-alln,https://cloud-alln-1.cisco.com:5000/v3,7c070347-7153-4a8e-9c39-68799b0af6ec,Avi-SE-17.2.13-9168-cloud-d5bdcd32-c2ad-4b59-97b0-af06b0f934b5-cluster-6de85822-fc75-4d07-8c29-9422ada19851,private,True,rbd://2ebe50cd-d545-4763-bd9c-12a061c858a9/cloud-alln-1-fab3-glance/7c070347-7153-4a8e-9c39-68799b0af6ec/snap,2018-12-13T19:05:04Z
aafcaffd270c49ed9bc5e018412f96d6,EPS-ADMIN-ALLN,https://cloud-alln-1.cisco.com:5000/v3,bbcd412d-5763-4511-b3fd-0073b7a752df,Core-OS-Self,private,True,rbd://2ebe50cd-d545-4763-bd9c-12a061c858a9/cloud-alln-1-fab3-glance/bbcd412d-5763-4511-b3fd-0073b7a752df/snap,2019-01-29T23:19:21Z
40c5f4dd8e2446f09371090d2f3b1c0e,GSLOPC-NPD-ALLN,https://cloud-alln-1.cisco.com:5000/v3,ef686a67-02c3-4736-ae74-3307df9cf2a0,RHEL-7_4-MG,private,True,rbd://2ebe50cd-d545-4763-bd9c-12a061c858a9/cloud-alln-1-fab3-glance/ef686a67-02c3-4736-ae74-3307df9cf2a0/snap,2019-02-07T15:13:28Z
40c5f4dd8e2446f09371090d2f3b1c0e,lglprd-prd-alln,https://cloud-alln-1.cisco.com:5000/v3,ef686a67-02c3-4736-ae74-3307df9cf2a0,RHEL-7_4-MG,private,True,rbd://2ebe50cd-d545-4763-bd9c-12a061c858a9/cloud-alln-1-fab3-glance/ef686a67-02c3-4736-ae74-3307df9cf2a0/snap,2019-02-07T15:13:28Z
c2b7824e9d604d949e75fa1ab87f150b,CD2.0,https://cloud-alln-1.cisco.com:5000/v3,0e1d3d0d-3183-4633-a08f-7c5b8b4ad0dd,CoDE-CentOS-7-x86_64-GenericCloud-1805,private,True,rbd://2ebe50cd-d545-4763-bd9c-12a061c858a9/cloud-alln-1-fab3-glance/0e1d3d0d-3183-4633-a08f-7c5b8b4ad0dd/snap,2018-08-17T15:22:18Z
c7d73dfd3f1843ca8d562c828952dd4e,PLATFORM-DEPLOY-ALLN,https://cloud-alln-1.cisco.com:5000/v3,c95febd4-d17b-4278-9b46-84a8b9443f65,cirros-0.4,private,True,rbd://2ebe50cd-d545-4763-bd9c-12a061c858a9/cloud-alln-1-fab3-glance/c95febd4-d17b-4278-9b46-84a8b9443f65/snap,2018-05-08T22:50:19Z
e07f49604d8145c0aa635bc9a5c7c992,sdp-lt3,https://cloud-alln-1.cisco.com:5000/v3,79a584dd-e47a-4aaa-8247-3a57d7053a9f,sdp15-nifi1-rootdisk,private,True,rbd://2ebe50cd-d545-4763-bd9c-12a061c858a9/cloud-alln-1-fab3-glance/79a584dd-e47a-4aaa-8247-3a57d7053a9f/snap,2019-01-09T15:19:49Z
e07f49604d8145c0aa635bc9a5c7c992,sdp-lt3,https://cloud-alln-1.cisco.com:5000/v3,c66c3642-1a30-49e7-8b48-9b5abdbda4f2,sdp15-nifi2-rootdisk,private,True,rbd://2ebe50cd-d545-4763-bd9c-12a061c858a9/cloud-alln-1-fab3-glance/c66c3642-1a30-49e7-8b48-9b5abdbda4f2/snap,2019-01-09T15:19:35Z
e07f49604d8145c0aa635bc9a5c7c992,sdp-lt3,https://cloud-alln-1.cisco.com:5000/v3,3dd381ab-f7bb-4682-84ae-9120564be1fd,sdp15-nifi3-rootdisk,private,True,rbd://2ebe50cd-d545-4763-bd9c-12a061c858a9/cloud-alln-1-fab3-glance/3dd381ab-f7bb-4682-84ae-9120564be1fd/snap,2019-01-09T15:20:56Z
40c5f4dd8e2446f09371090d2f3b1c0e,MCMPPD-PRD-ALLN,https://cloud-alln-1.cisco.com:5000/v3,ef686a67-02c3-4736-ae74-3307df9cf2a0,RHEL-7_4-MG,private,True,rbd://2ebe50cd-d545-4763-bd9c-12a061c858a9/cloud-alln-1-fab3-glance/ef686a67-02c3-4736-ae74-3307df9cf2a0/snap,2019-02-07T15:13:28Z
ed648c0051ab46d5a196356348b71d23,CX Labs Infra,https://cloud-alln-1.cisco.com:5000/v3,3c581811-e345-4b0b-a487-00561bce8897,FreeBSD-12.0-RELEASE,private,True,rbd://2ebe50cd-d545-4763-bd9c-12a061c858a9/cloud-alln-1-fab3-glance/3c581811-e345-4b0b-a487-00561bce8897/snap,2019-01-08T19:20:51Z
fbe020141fe74a1a9589ba5eb09d3a60,Entitlement Base Foundation PRD2-1,https://cloud-alln-1.cisco.com:5000/v3,57164235-64c7-47ed-bdc8-17ed45852e53,snap1,private,True,rbd://2ebe50cd-d545-4763-bd9c-12a061c858a9/cloud-alln-1-fab3-glance/57164235-64c7-47ed-bdc8-17ed45852e53/snap,2018-10-08T23:28:40Z
